
######### Insert values in regions Table


insert into regions
values (
  10, 
  'Europe'
);
insert into regions
values (
  20, 
  'Americas'
);
insert into regions
values (
  30, 
  'Asia'
);
insert into regions
values (
  40, 
  'Oceania'
);
insert into regions
values (
  50, 
  'Africa'
);

############### Insert values in countries Table

insert into countries
values (
  'IT', 
  'Italy', 
  10
);
insert into countries
values (
  'JP', 
  'Japan', 
  30
);
insert into countries
values (
  'US', 
  'United States of America', 
  10
);
insert into countries
values (
  'CA', 
  'Canada', 
  10
);
insert into countries
values (
  'CN', 
  'China', 
  30
);
insert into countries
values (
  'IN', 
  'India', 
  30
);
insert into countries
values (
  'AU', 
  'Australia', 
  40
);
insert into countries
values (
  'ZW', 
  'Zimbabwe', 
  50
);
insert into countries
values (
  'SG', 
  'Singapore', 
  30
);
insert into countries
values (
  'GB', 
  'United Kingdom of Great Britain and Northern Ireland', 
  10
);
insert into countries
values (
  'FR', 
  'France', 
  10
);
insert into countries
values (
  'DE', 
  'Germany', 
  10
);
insert into countries
values (
  'ZM', 
  'Zambia', 
  50
);
insert into countries
values (
  'EG', 
  'Egypt', 
  50
);
insert into countries
values (
  'BR', 
  'Brazil', 
  20
);
insert into countries
values (
  'CH', 
  'Switzerland', 
  10
);
insert into countries
values (
  'NL', 
  'Netherlands', 
  10
);
insert into countries
values (
  'MX', 
  'Mexico', 
  20
);
insert into countries
values (
  'KW', 
  'Kuwait', 
  30
);
insert into countries
values (
  'IL', 
  'Israel', 
  30
);
insert into countries
values (
  'DK', 
  'Denmark', 
  10
);
insert into countries
values (
  'ML', 
  'Malaysia', 
  50
);
insert into countries
values (
  'NG', 
  'Nigeria', 
  50
);
insert into countries
values (
  'AR', 
  'Argentina', 
  20
);
insert into countries
values (
  'BE', 
  'Belgium', 
  10
);


############### Insert values in locations Table

insert into locations
values (
  1000, 
  '1297 Via Cola di Rie', 
  '00989', 
  'Roma', 
  null, 
  'IT'
);
insert into locations
values (
  1100, 
  '93091 Calle della Testa', 
  '10934', 
  'Venice', 
  null, 
  'IT'
);
insert into locations
values (
  1200, 
  '2017 Shinjuku-ku', 
  '1689', 
  'Tokyo', 
  'Tokyo Prefecture', 
  'JP'
);
insert into locations
values (
  1300, 
  '9450 Kamiya-cho', 
  '6823', 
  'Hiroshima', 
  null, 
  'JP'
);
insert into locations
values (
  1400, 
  '2014 Jabberwocky Rd', 
  '26192', 
  'Southlake', 
  'Texas', 
  'US'
);
insert into locations
values (
  1500, 
  '2011 Interiors Blvd', 
  '99236', 
  'South San Francisco', 
  'California', 
  'US'
);
insert into locations
values (
  1600, 
  '2007 Zagora St', 
  '50090', 
  'South Brunswick', 
  'New Jersey', 
  'US'
);
insert into locations
values (
  1700, 
  '2004 Charade Rd', 
  '98199', 
  'Seattle', 
  'Washington', 
  'US'
);
insert into locations
values (
  1800, 
  '147 Spadina Ave', 
  'M5V 2L7', 
  'Toronto', 
  'Ontario', 
  'CA'
);
insert into locations
values (
  1900, 
  '6092 Boxwood St', 
  'YSW 9T2', 
  'Whitehorse', 
  'Yukon', 
  'CA'
);
insert into locations
values (
  2000, 
  '40-5-12 Laogianggen', 
  '190518', 
  'Beijing', 
  null, 
  'CN'
);
insert into locations
values (
  2100, 
  '1298 Vileparle (E)', 
  '490231', 
  'Bombay', 
  'Maharashtra', 
  'IN'
);
insert into locations
values (
  2200, 
  '12-98 Victoria Street', 
  '2901', 
  'Sydney', 
  'New South Wales', 
  'AU'
);
insert into locations
values (
  2300, 
  '198 Clementi North', 
  '540198', 
  'Singapore', 
  null, 
  'SG'
);
insert into locations
values (
  2400, 
  '8204 Arthur St', 
  null, 
  'London', 
  null, 
  'GB'
);
insert into locations
values (
  2500, 
  'Magdalen Centre, The Oxford Science Park', 
  'OX9 9ZB', 
  'Oxford', 
  'Oxford', 
  'GB'
);
insert into locations
values (
  2600, 
  '9702 Chester Road', 
  '09629850293', 
  'Stretford', 
  'Manchester', 
  'GB'
);
insert into locations
values (
  2700, 
  'Schwanthalerstr. 7031', 
  '80925', 
  'Munich', 
  'Bavaria', 
  'DE'
);
insert into locations
values (
  2800, 
  'Rua Frei Caneca 1360 ', 
  '01307-002', 
  'Sao Paulo', 
  'Sao Paulo', 
  'BR'
);
insert into locations
values (
  2900, 
  '20 Rue des Corps-Saints', 
  '1730', 
  'Geneva', 
  'Geneve', 
  'CH'
);
insert into locations
values (
  3000, 
  'Murtenstrasse 921', 
  '3095', 
  'Bern', 
  'BE', 
  'CH'
);
insert into locations
values (
  3100, 
  'Pieter Breughelstraat 837', 
  '3029SK', 
  'Utrecht', 
  'Utrecht', 
  'NL'
);
insert into locations
values (
  3200, 
  'Mariano Escobedo 9991', 
  '11932', 
  'Mexico City', 
  'Distrito Federal', 
  'MX'
);

######### Insert values in departments Table

insert into departments
values (
  10, 
  'Administration', 
  200, 
  1700
);
insert into departments
values (
  20, 
  'Marketing', 
  201, 
  1800
);
insert into departments
values (
  30, 
  'Purchasing', 
  114, 
  1700
);
insert into departments
values (
  40, 
  'Human Resources', 
  203, 
  2400
);
insert into departments
values (
  50, 
  'Shipping', 
  121, 
  1500
);
insert into departments
values (
  60, 
  'IT', 
  103, 
  1400
);
insert into departments
values (
  70, 
  'Public Relations', 
  204, 
  2700
);
insert into departments
values (
  80, 
  'Sales', 
  145, 
  2500
);
insert into departments
values (
  90, 
  'Executive', 
  100, 
  1700
);
insert into departments
values (
  100, 
  'Finance', 
  108, 
  1700
);
insert into departments
values (
  110, 
  'Accounting', 
  205, 
  1700
);
insert into departments
values (
  120, 
  'Treasury', 
  null, 
  1700
);
insert into departments
values (
  130, 
  'Corporate Tax', 
  null, 
  1700
);
insert into departments
values (
  140, 
  'Control And Credit', 
  null, 
  1700
);
insert into departments
values (
  150, 
  'Shareholder Services', 
  null, 
  1700
);
insert into departments
values (
  160, 
  'Benefits', 
  null, 
  1700
);
insert into departments
values (
  170, 
  'Manufacturing', 
  null, 
  1700
);
insert into departments
values (
  180, 
  'Construction', 
  null, 
  1700
);
insert into departments
values (
  190, 
  'Contracting', 
  null, 
  1700
);
insert into departments
values (
  200, 
  'Operations', 
  null, 
  1700
);
insert into departments
values (
  210, 
  'IT Support', 
  null, 
  1700
);
insert into departments
values (
  220, 
  'NOC', 
  null, 
  1700
);
insert into departments
values (
  230, 
  'IT Helpdesk', 
  null, 
  1700
);
insert into departments
values (
  240, 
  'Government Sales', 
  null, 
  1700
);
insert into departments
values (
  250, 
  'Retail Sales', 
  null, 
  1700
);
insert into departments
values (
  260, 
  'Recruiting', 
  null, 
  1700
);
insert into departments
values (
  270, 
  'Payroll', 
  null, 
  1700
);

############### Insert values in jobs Table

insert into jobs
values (
  'AD_PRES', 
  'President', 
  20080, 
  40000
);
insert into jobs
values (
  'AD_VP', 
  'Administration Vice President', 
  15000, 
  30000
);
insert into jobs
values (
  'AD_ASST', 
  'Administration Assistant', 
  3000, 
  6000
);
insert into jobs
values (
  'FI_MGR', 
  'Finance Manager', 
  8200, 
  16000
);
insert into jobs
values (
  'FI_ACCOUNT', 
  'Accountant', 
  4200, 
  9000
);
insert into jobs
values (
  'AC_MGR', 
  'Accounting Manager', 
  8200, 
  16000
);
insert into jobs
values (
  'AC_ACCOUNT', 
  'Public Accountant', 
  4200, 
  9000
);
insert into jobs
values (
  'SA_MAN', 
  'Sales Manager', 
  10000, 
  20080
);
insert into jobs
values (
  'SA_REP', 
  'Sales Representative', 
  6000, 
  12008
);
insert into jobs
values (
  'PU_MAN', 
  'Purchasing Manager', 
  8000, 
  15000
);
insert into jobs
values (
  'PU_CLERK', 
  'Purchasing Clerk', 
  2500, 
  5500
);
insert into jobs
values (
  'ST_MAN', 
  'Stock Manager', 
  5500, 
  8500
);
insert into jobs
values (
  'ST_CLERK', 
  'Stock Clerk', 
  2008, 
  5000
);
insert into jobs
values (
  'SH_CLERK', 
  'Shipping Clerk', 
  2500, 
  5500
);
insert into jobs
values (
  'IT_PROG', 
  'Programmer', 
  4000, 
  10000
);
insert into jobs
values (
  'MK_MAN', 
  'Marketing Manager', 
  9000, 
  15000
);
insert into jobs
values (
  'MK_REP', 
  'Marketing Representative', 
  4000, 
  9000
);
insert into jobs
values (
  'HR_REP', 
  'Human Resources Representative', 
  4000, 
  9000
);
insert into jobs
values (
  'PR_REP', 
  'Public Relations Representative', 
  4500, 
  10500
);

######## Insert records into employees table

insert into employees
values (
  100, 
  'Steven', 
  'King', 
  'SKING', 
  '1.515.555.0100', 
  STR_TO_DATE('17-06-2013', '%d-%m-%Y'), 
  'AD_PRES', 
  24000, 
  null, 
  null, 
  90
);
insert into employees
values (
  101, 
  'Neena', 
  'Yang', 
  'NYANG', 
  '1.515.555.0101', 
  STR_TO_DATE('21-09-2015', '%d-%m-%Y'), 
  'AD_VP', 
  17000, 
  null, 
  100, 
  90
);
insert into employees
values (
  102, 
  'Lex', 
  'Garcia', 
  'LGARCIA', 
  '1.515.555.0102', 
  STR_TO_DATE('13-01-2011', '%d-%m-%Y'), 
  'AD_VP', 
  17000, 
  null, 
  100, 
  90
);
insert into employees
values (
  103, 
  'Alexander', 
  'James', 
  'AJAMES', 
  '1.590.555.0103', 
  STR_TO_DATE('03-01-2016', '%d-%m-%Y'), 
  'IT_PROG', 
  9000, 
  null, 
  102, 
  60
);
insert into employees
values (
  104, 
  'Bruce', 
  'Miller', 
  'BMILLER', 
  '1.590.555.0104', 
  STR_TO_DATE('21-05-2017', '%d-%m-%Y'), 
  'IT_PROG', 
  6000, 
  null, 
  103, 
  60
);
insert into employees
values (
  105, 
  'David', 
  'Williams', 
  'DWILLIAMS', 
  '1.590.555.0105', 
  STR_TO_DATE('25-06-2015', '%d-%m-%Y'), 
  'IT_PROG', 
  4800, 
  null, 
  103, 
  60
);
insert into employees
values (
  106, 
  'Valli', 
  'Jackson', 
  'VJACKSON', 
  '1.590.555.0106', 
  STR_TO_DATE('05-02-2016', '%d-%m-%Y'), 
  'IT_PROG', 
  4800, 
  null, 
  103, 
  60
);
insert into employees
values (
  107, 
  'Diana', 
  'Nguyen', 
  'DNGUYEN', 
  '1.590.555.0107', 
  STR_TO_DATE('07-02-2017', '%d-%m-%Y'), 
  'IT_PROG', 
  4200, 
  null, 
  103, 
  60
);
insert into employees
values (
  108, 
  'Nancy', 
  'Gruenberg', 
  'NGRUENBE', 
  '1.515.555.0108', 
  STR_TO_DATE('17-08-2012', '%d-%m-%Y'), 
  'FI_MGR', 
  12008, 
  null, 
  101, 
  100
);
insert into employees
values (
  109, 
  'Daniel', 
  'Faviet', 
  'DFAVIET', 
  '1.515.555.0109', 
  STR_TO_DATE('16-08-2012', '%d-%m-%Y'), 
  'FI_ACCOUNT', 
  9000, 
  null, 
  108, 
  100
);
insert into employees
values (
  110, 
  'John', 
  'Chen', 
  'JCHEN', 
  '1.515.555.0110', 
  STR_TO_DATE('28-09-2015', '%d-%m-%Y'), 
  'FI_ACCOUNT', 
  8200, 
  null, 
  108, 
  100
);
insert into employees
values (
  111, 
  'Ismael', 
  'Sciarra', 
  'ISCIARRA', 
  '1.515.555.0111', 
  STR_TO_DATE('30-09-2015', '%d-%m-%Y'), 
  'FI_ACCOUNT', 
  7700, 
  null, 
  108, 
  100
);
insert into employees
values (
  112, 
  'Jose Manuel', 
  'Urman', 
  'JMURMAN', 
  '1.515.555.0112', 
  STR_TO_DATE('07-03-2016', '%d-%m-%Y'), 
  'FI_ACCOUNT', 
  7800, 
  null, 
  108, 
  100
);
insert into employees
values (
  113, 
  'Luis', 
  'Popp', 
  'LPOPP', 
  '1.515.555.0113', 
  STR_TO_DATE('07-12-2017', '%d-%m-%Y'), 
  'FI_ACCOUNT', 
  6900, 
  null, 
  108, 
  100
);
insert into employees
values (
  114, 
  'Den', 
  'Li', 
  'DLI', 
  '1.515.555.0114', 
  STR_TO_DATE('07-12-2012', '%d-%m-%Y'), 
  'PU_MAN', 
  11000, 
  null, 
  100, 
  30
);
insert into employees
values (
  115, 
  'Alexander', 
  'Khoo', 
  'AKHOO', 
  '1.515.555.0115', 
  STR_TO_DATE('18-05-2013', '%d-%m-%Y'), 
  'PU_CLERK', 
  3100, 
  null, 
  114, 
  30
);
insert into employees
values (
  116, 
  'Shelli', 
  'Baida', 
  'SBAIDA', 
  '1.515.555.0116', 
  STR_TO_DATE('24-12-2015', '%d-%m-%Y'), 
  'PU_CLERK', 
  2900, 
  null, 
  114, 
  30
);
insert into employees
values (
  117, 
  'Sigal', 
  'Tobias', 
  'STOBIAS', 
  '1.515.555.0117', 
  STR_TO_DATE('24-07-2015', '%d-%m-%Y'), 
  'PU_CLERK', 
  2800, 
  null, 
  114, 
  30
);
insert into employees
values (
  118, 
  'Guy', 
  'Himuro', 
  'GHIMURO', 
  '1.515.555.0118', 
  STR_TO_DATE('15-11-2016', '%d-%m-%Y'), 
  'PU_CLERK', 
  2600, 
  null, 
  114, 
  30
);
insert into employees
values (
  119, 
  'Karen', 
  'Colmenares', 
  'KCOLMENA', 
  '1.515.555.0119', 
  STR_TO_DATE('10-08-2017', '%d-%m-%Y'), 
  'PU_CLERK', 
  2500, 
  null, 
  114, 
  30
);
insert into employees
values (
  120, 
  'Matthew', 
  'Weiss', 
  'MWEISS', 
  '1.650.555.0120', 
  STR_TO_DATE('18-07-2014', '%d-%m-%Y'), 
  'ST_MAN', 
  8000, 
  null, 
  100, 
  50
);
insert into employees
values (
  121, 
  'Adam', 
  'Fripp', 
  'AFRIPP', 
  '1.650.555.0121', 
  STR_TO_DATE('10-04-2015', '%d-%m-%Y'), 
  'ST_MAN', 
  8200, 
  null, 
  100, 
  50
);
insert into employees
values (
  122, 
  'Payam', 
  'Kaufling', 
  'PKAUFLIN', 
  '1.650.555.0122', 
  STR_TO_DATE('01-05-2013', '%d-%m-%Y'), 
  'ST_MAN', 
  7900, 
  null, 
  100, 
  50
);
insert into employees
values (
  123, 
  'Shanta', 
  'Vollman', 
  'SVOLLMAN', 
  '1.650.555.0123', 
  STR_TO_DATE('10-10-2015', '%d-%m-%Y'), 
  'ST_MAN', 
  6500, 
  null, 
  100, 
  50
);
insert into employees
values (
  124, 
  'Kevin', 
  'Mourgos', 
  'KMOURGOS', 
  '1.650.555.0124', 
  STR_TO_DATE('16-11-2017', '%d-%m-%Y'), 
  'ST_MAN', 
  5800, 
  null, 
  100, 
  50
);
insert into employees
values (
  125, 
  'Julia', 
  'Nayer', 
  'JNAYER', 
  '1.650.555.0125', 
  STR_TO_DATE('16-07-2015', '%d-%m-%Y'), 
  'ST_CLERK', 
  3200, 
  null, 
  120, 
  50
);
insert into employees
values (
  126, 
  'Irene', 
  'Mikkilineni', 
  'IMIKKILI', 
  '1.650.555.0126', 
  STR_TO_DATE('28-09-2016', '%d-%m-%Y'), 
  'ST_CLERK', 
  2700, 
  null, 
  120, 
  50
);
insert into employees
values (
  127, 
  'James', 
  'Landry', 
  'JLANDRY', 
  '1.650.555.0127', 
  STR_TO_DATE('14-01-2017', '%d-%m-%Y'), 
  'ST_CLERK', 
  2400, 
  null, 
  120, 
  50
);
insert into employees
values (
  128, 
  'Steven', 
  'Markle', 
  'SMARKLE', 
  '1.650.555.0128', 
  STR_TO_DATE('08-03-2018', '%d-%m-%Y'), 
  'ST_CLERK', 
  2200, 
  null, 
  120, 
  50
);
insert into employees
values (
  129, 
  'Laura', 
  'Bissot', 
  'LBISSOT', 
  '1.650.555.0129', 
  STR_TO_DATE('20-08-2015', '%d-%m-%Y'), 
  'ST_CLERK', 
  3300, 
  null, 
  121, 
  50
);
insert into employees
values (
  130, 
  'Mozhe', 
  'Atkinson', 
  'MATKINSO', 
  '1.650.555.0130', 
  STR_TO_DATE('30-10-2015', '%d-%m-%Y'), 
  'ST_CLERK', 
  2800, 
  null, 
  121, 
  50
);
insert into employees
values (
  131, 
  'James', 
  'Marlow', 
  'JAMRLOW', 
  '1.650.555.0131', 
  STR_TO_DATE('16-02-2015', '%d-%m-%Y'), 
  'ST_CLERK', 
  2500, 
  null, 
  121, 
  50
);
insert into employees
values (
  132, 
  'TJ', 
  'Olson', 
  'TJOLSON', 
  '1.650.555.0132', 
  STR_TO_DATE('10-04-2017', '%d-%m-%Y'), 
  'ST_CLERK', 
  2100, 
  null, 
  121, 
  50
);
insert into employees
values (
  133, 
  'Jason', 
  'Mallin', 
  'JMALLIN', 
  '1.650.555.0133', 
  STR_TO_DATE('14-06-2014', '%d-%m-%Y'), 
  'ST_CLERK', 
  3300, 
  null, 
  122, 
  50
);
insert into employees
values (
  134, 
  'Michael', 
  'Rogers', 
  'MROGERS', 
  '1.650.555.0134', 
  STR_TO_DATE('26-08-2016', '%d-%m-%Y'), 
  'ST_CLERK', 
  2900, 
  null, 
  122, 
  50
);
insert into employees
values (
  135, 
  'Ki', 
  'Gee', 
  'KGEE', 
  '1.650.555.0135', 
  STR_TO_DATE('12-12-2017', '%d-%m-%Y'), 
  'ST_CLERK', 
  2400, 
  null, 
  122, 
  50
);
insert into employees
values (
  136, 
  'Hazel', 
  'Philtanker', 
  'HPHILTAN', 
  '1.650.555.0136', 
  STR_TO_DATE('06-02-2018', '%d-%m-%Y'), 
  'ST_CLERK', 
  2200, 
  null, 
  122, 
  50
);
insert into employees
values (
  137, 
  'Renske', 
  'Ladwig', 
  'RLADWIG', 
  '1.650.555.0137', 
  STR_TO_DATE('14-07-2013', '%d-%m-%Y'), 
  'ST_CLERK', 
  3600, 
  null, 
  123, 
  50
);
insert into employees
values (
  138, 
  'Stephen', 
  'Stiles', 
  'SSTILES', 
  '1.650.555.0138', 
  STR_TO_DATE('26-10-2015', '%d-%m-%Y'), 
  'ST_CLERK', 
  3200, 
  null, 
  123, 
  50
);
insert into employees
values (
  139, 
  'John', 
  'Seo', 
  'JSEO', 
  '1.650.555.0139', 
  STR_TO_DATE('12-02-2016', '%d-%m-%Y'), 
  'ST_CLERK', 
  2700, 
  null, 
  123, 
  50
);
insert into employees
values (
  140, 
  'Joshua', 
  'Patel', 
  'JPATEL', 
  '1.650.555.0140', 
  STR_TO_DATE('06-04-2016', '%d-%m-%Y'), 
  'ST_CLERK', 
  2500, 
  null, 
  123, 
  50
);
insert into employees
values (
  141, 
  'Trenna', 
  'Rajs', 
  'TRAJS', 
  '1.650.555.0141', 
  STR_TO_DATE('17-10-2013', '%d-%m-%Y'), 
  'ST_CLERK', 
  3500, 
  null, 
  124, 
  50
);
insert into employees
values (
  142, 
  'Curtis', 
  'Davies', 
  'CDAVIES', 
  '1.650.555.0142', 
  STR_TO_DATE('29-01-2015', '%d-%m-%Y'), 
  'ST_CLERK', 
  3100, 
  null, 
  124, 
  50
);
insert into employees
values (
  143, 
  'Randall', 
  'Matos', 
  'RMATOS', 
  '1.650.555.0143', 
  STR_TO_DATE('15-03-2016', '%d-%m-%Y'), 
  'ST_CLERK', 
  2600, 
  null, 
  124, 
  50
);
insert into employees
values (
  144, 
  'Peter', 
  'Vargas', 
  'PVARGAS', 
  '1.650.555.0144', 
  STR_TO_DATE('09-07-2016', '%d-%m-%Y'), 
  'ST_CLERK', 
  2500, 
  null, 
  124, 
  50
);
insert into employees
values (
  145, 
  'John', 
  'Singh', 
  'JSINGH', 
  '44.1632.960000', 
  STR_TO_DATE('01-10-2014', '%d-%m-%Y'), 
  'SA_MAN', 
  14000, 
  0.4, 
  100, 
  80
);
insert into employees
values (
  146, 
  'Karen', 
  'Partners', 
  'KPARTNER', 
  '44.1632.960001', 
  STR_TO_DATE('05-01-2015', '%d-%m-%Y'), 
  'SA_MAN', 
  13500, 
  0.3, 
  100, 
  80
);
insert into employees
values (
  147, 
  'Alberto', 
  'Errazuriz', 
  'AERRAZUR', 
  '44.1632.960002', 
  STR_TO_DATE('10-03-2015', '%d-%m-%Y'), 
  'SA_MAN', 
  12000, 
  0.3, 
  100, 
  80
);
insert into employees
values (
  148, 
  'Gerald', 
  'Cambrault', 
  'GCAMBRAU', 
  '44.1632.960003', 
  STR_TO_DATE('15-10-2017', '%d-%m-%Y'), 
  'SA_MAN', 
  11000, 
  0.3, 
  100, 
  80
);
insert into employees
values (
  149, 
  'Eleni', 
  'Zlotkey', 
  'EZLOTKEY', 
  '44.1632.960004', 
  STR_TO_DATE('29-01-2018', '%d-%m-%Y'), 
  'SA_MAN', 
  10500, 
  0.2, 
  100, 
  80
);
insert into employees
values (
  150, 
  'Sean', 
  'Tucker', 
  'STUCKER', 
  '44.1632.960005', 
  STR_TO_DATE('30-01-2015', '%d-%m-%Y'), 
  'SA_REP', 
  10000, 
  0.3, 
  145, 
  80
);
insert into employees
values (
  151, 
  'David', 
  'Bernstein', 
  'DBERNSTE', 
  '44.1632.960006', 
  STR_TO_DATE('24-03-2015', '%d-%m-%Y'), 
  'SA_REP', 
  9500, 
  0.25, 
  145, 
  80
);
insert into employees
values (
  152, 
  'Peter', 
  'Hall', 
  'PHALL', 
  '44.1632.960007', 
  STR_TO_DATE('20-08-2015', '%d-%m-%Y'), 
  'SA_REP', 
  9000, 
  0.25, 
  145, 
  80
);
insert into employees
values (
  153, 
  'Christopher', 
  'Olsen', 
  'COLSEN', 
  '44.1632.960008', 
  STR_TO_DATE('30-03-2016', '%d-%m-%Y'), 
  'SA_REP', 
  8000, 
  0.2, 
  145, 
  80
);
insert into employees
values (
  154, 
  'Nanette', 
  'Cambrault', 
  'NCAMBRAU', 
  '44.1632.960009', 
  STR_TO_DATE('09-12-2016', '%d-%m-%Y'), 
  'SA_REP', 
  7500, 
  0.2, 
  145, 
  80
);
insert into employees
values (
  155, 
  'Oliver', 
  'Tuvault', 
  'OTUVAULT', 
  '44.1632.960010', 
  STR_TO_DATE('23-11-2017', '%d-%m-%Y'), 
  'SA_REP', 
  7000, 
  0.15, 
  145, 
  80
);
insert into employees
values (
  156, 
  'Janette', 
  'King', 
  'JKING', 
  '44.1632.960011', 
  STR_TO_DATE('30-01-2014', '%d-%m-%Y'), 
  'SA_REP', 
  10000, 
  0.35, 
  146, 
  80
);
insert into employees
values (
  157, 
  'Patrick', 
  'Sully', 
  'PSULLY', 
  '44.1632.960012', 
  STR_TO_DATE('04-03-2014', '%d-%m-%Y'), 
  'SA_REP', 
  9500, 
  0.35, 
  146, 
  80
);
insert into employees
values (
  158, 
  'Allan', 
  'McEwen', 
  'AMCEWEN', 
  '44.1632.960013', 
  STR_TO_DATE('01-08-2014', '%d-%m-%Y'), 
  'SA_REP', 
  9000, 
  0.35, 
  146, 
  80
);
insert into employees
values (
  159, 
  'Lindsey', 
  'Smith', 
  'LSMITH', 
  '44.1632.960014', 
  STR_TO_DATE('10-03-2015', '%d-%m-%Y'), 
  'SA_REP', 
  8000, 
  0.3, 
  146, 
  80
);
insert into employees
values (
  160, 
  'Louise', 
  'Doran', 
  'LDORAN', 
  '44.1632.960015', 
  STR_TO_DATE('15-12-2015', '%d-%m-%Y'), 
  'SA_REP', 
  7500, 
  0.3, 
  146, 
  80
);
insert into employees
values (
  161, 
  'Sarath', 
  'Sewall', 
  'SSEWALL', 
  '44.1632.960016', 
  STR_TO_DATE('03-11-2016', '%d-%m-%Y'), 
  'SA_REP', 
  7000, 
  0.25, 
  146, 
  80
);
insert into employees
values (
  162, 
  'Clara', 
  'Vishney', 
  'CVISHNEY', 
  '44.1632.960017', 
  STR_TO_DATE('11-11-2015', '%d-%m-%Y'), 
  'SA_REP', 
  10500, 
  0.25, 
  147, 
  80
);
insert into employees
values (
  163, 
  'Danielle', 
  'Greene', 
  'DGREENE', 
  '44.1632.960018', 
  STR_TO_DATE('19-03-2017', '%d-%m-%Y'), 
  'SA_REP', 
  9500, 
  0.15, 
  147, 
  80
);
insert into employees
values (
  164, 
  'Mattea', 
  'Marvins', 
  'MMARVINS', 
  '44.1632.960019', 
  STR_TO_DATE('24-01-2018', '%d-%m-%Y'), 
  'SA_REP', 
  7200, 
  0.10, 
  147, 
  80
);
insert into employees
values (
  165, 
  'David', 
  'Lee', 
  'DLEE', 
  '44.1632.960020', 
  STR_TO_DATE('23-02-2018', '%d-%m-%Y'), 
  'SA_REP', 
  6800, 
  0.1, 
  147, 
  80
);
insert into employees
values (
  166, 
  'Sundar', 
  'Ande', 
  'SANDE', 
  '44.1632.960021', 
  STR_TO_DATE('24-03-2018', '%d-%m-%Y'), 
  'SA_REP', 
  6400, 
  0.10, 
  147, 
  80
);
insert into employees
values (
  167, 
  'Amit', 
  'Banda', 
  'ABANDA', 
  '44.1632.960022', 
  STR_TO_DATE('21-04-2018', '%d-%m-%Y'), 
  'SA_REP', 
  6200, 
  0.10, 
  147, 
  80
);
insert into employees
values (
  168, 
  'Lisa', 
  'Ozer', 
  'LOZER', 
  '44.1632.960023', 
  STR_TO_DATE('11-03-2015', '%d-%m-%Y'), 
  'SA_REP', 
  11500, 
  0.25, 
  148, 
  80
);
insert into employees
values (
  169, 
  'Harrison', 
  'Bloom', 
  'HBLOOM', 
  '44.1632.960024', 
  STR_TO_DATE('23-03-2016', '%d-%m-%Y'), 
  'SA_REP', 
  10000, 
  0.20, 
  148, 
  80
);
insert into employees
values (
  170, 
  'Tayler', 
  'Fox', 
  'TFOX', 
  '44.1632.960025', 
  STR_TO_DATE('24-01-2016', '%d-%m-%Y'), 
  'SA_REP', 
  9600, 
  0.20, 
  148, 
  80
);
insert into employees
values (
  171, 
  'William', 
  'Smith', 
  'WSMITH', 
  '44.1632.960026', 
  STR_TO_DATE('23-02-2017', '%d-%m-%Y'), 
  'SA_REP', 
  7400, 
  0.15, 
  148, 
  80
);
insert into employees
values (
  172, 
  'Elizabeth', 
  'Bates', 
  'EBATES', 
  '44.1632.960027', 
  STR_TO_DATE('24-03-2017', '%d-%m-%Y'), 
  'SA_REP', 
  7300, 
  0.15, 
  148, 
  80
);
insert into employees
values (
  173, 
  'Sundita', 
  'Kumar', 
  'SKUMAR', 
  '44.1632.960028', 
  STR_TO_DATE('21-04-2018', '%d-%m-%Y'), 
  'SA_REP', 
  6100, 
  0.10, 
  148, 
  80
);
insert into employees
values (
  174, 
  'Ellen', 
  'Abel', 
  'EABEL', 
  '44.1632.960029', 
  STR_TO_DATE('11-05-2014', '%d-%m-%Y'), 
  'SA_REP', 
  11000, 
  0.30, 
  149, 
  80
);
insert into employees
values (
  175, 
  'Alyssa', 
  'Hutton', 
  'AHUTTON', 
  '44.1632.960030', 
  STR_TO_DATE('19-03-2015', '%d-%m-%Y'), 
  'SA_REP', 
  8800, 
  0.25, 
  149, 
  80
);
insert into employees
values (
  176, 
  'Jonathon', 
  'Taylor', 
  'JTAYLOR', 
  '44.1632.960031', 
  STR_TO_DATE('24-03-2016', '%d-%m-%Y'), 
  'SA_REP', 
  8600, 
  0.20, 
  149, 
  80
);
insert into employees
values (
  177, 
  'Jack', 
  'Livingston', 
  'JLIVINGS', 
  '44.1632.960032', 
  STR_TO_DATE('23-04-2016', '%d-%m-%Y'), 
  'SA_REP', 
  8400, 
  0.20, 
  149, 
  80
);
insert into employees
values (
  178, 
  'Kimberely', 
  'Grant', 
  'KGRANT', 
  '44.1632.960033', 
  STR_TO_DATE('24-05-2017', '%d-%m-%Y'), 
  'SA_REP', 
  7000, 
  0.15, 
  149, 
  null
);
insert into employees
values (
  179, 
  'Charles', 
  'Johnson', 
  'CJOHNSON', 
  '44.1632.960034', 
  STR_TO_DATE('04-01-2018', '%d-%m-%Y'), 
  'SA_REP', 
  6200, 
  0.10, 
  149, 
  80
);
insert into employees
values (
  180, 
  'Winston', 
  'Taylor', 
  'WTAYLOR', 
  '1.650.555.0145', 
  STR_TO_DATE('24-01-2016', '%d-%m-%Y'), 
  'SH_CLERK', 
  3200, 
  null, 
  120, 
  50
);
insert into employees
values (
  181, 
  'Jean', 
  'Fleaur', 
  'JFLEAUR', 
  '1.650.555.0146', 
  STR_TO_DATE('23-02-2016', '%d-%m-%Y'), 
  'SH_CLERK', 
  3100, 
  null, 
  120, 
  50
);
insert into employees
values (
  182, 
  'Martha', 
  'Sullivan', 
  'MSULLIVA', 
  '1.650.555.0147', 
  STR_TO_DATE('21-06-2017', '%d-%m-%Y'), 
  'SH_CLERK', 
  2500, 
  null, 
  120, 
  50
);
insert into employees
values (
  183, 
  'Girard', 
  'Geoni', 
  'GGEONI', 
  '1.650.555.0148', 
  STR_TO_DATE('03-02-2018', '%d-%m-%Y'), 
  'SH_CLERK', 
  2800, 
  null, 
  120, 
  50
);
insert into employees
values (
  184, 
  'Nandita', 
  'Sarchand', 
  'NSARCHAN', 
  '1.650.555.0149', 
  STR_TO_DATE('27-01-2014', '%d-%m-%Y'), 
  'SH_CLERK', 
  4200, 
  null, 
  121, 
  50
);
insert into employees
values (
  185, 
  'Alexis', 
  'Bull', 
  'ABULL', 
  '1.650.555.0150', 
  STR_TO_DATE('20-02-2015', '%d-%m-%Y'), 
  'SH_CLERK', 
  4100, 
  null, 
  121, 
  50
);
insert into employees
values (
  186, 
  'Julia', 
  'Dellinger', 
  'JDELLING', 
  '1.650.555.0151', 
  STR_TO_DATE('24-06-2016', '%d-%m-%Y'), 
  'SH_CLERK', 
  3400, 
  null, 
  121, 
  50
);
insert into employees
values (
  187, 
  'Anthony', 
  'Cabrio', 
  'ACABRIO', 
  '1.650.555.0152', 
  STR_TO_DATE('07-02-2017', '%d-%m-%Y'), 
  'SH_CLERK', 
  3000, 
  null, 
  121, 
  50
);
insert into employees
values (
  188, 
  'Kelly', 
  'Chung', 
  'KCHUNG', 
  '1.650.555.0153', 
  STR_TO_DATE('14-06-2015', '%d-%m-%Y'), 
  'SH_CLERK', 
  3800, 
  null, 
  122, 
  50
);
insert into employees
values (
  189, 
  'Jennifer', 
  'Dilly', 
  'JDILLY', 
  '1.650.555.0154', 
  STR_TO_DATE('13-08-2015', '%d-%m-%Y'), 
  'SH_CLERK', 
  3600, 
  null, 
  122, 
  50
);
insert into employees
values (
  190, 
  'Timothy', 
  'Venzl', 
  'TVENZL', 
  '1.650.555.0155', 
  STR_TO_DATE('11-07-2016', '%d-%m-%Y'), 
  'SH_CLERK', 
  2900, 
  null, 
  122, 
  50
);
insert into employees
values (
  191, 
  'Randall', 
  'Perkins', 
  'RPERKINS', 
  '1.650.555.0156', 
  STR_TO_DATE('19-12-2017', '%d-%m-%Y'), 
  'SH_CLERK', 
  2500, 
  null, 
  122, 
  50
);
insert into employees
values (
  192, 
  'Sarah', 
  'Bell', 
  'SBELL', 
  '1.650.555.0157', 
  STR_TO_DATE('04-02-2014', '%d-%m-%Y'), 
  'SH_CLERK', 
  4000, 
  null, 
  123, 
  50
);
insert into employees
values (
  193, 
  'Britney', 
  'Everett', 
  'BEVERETT', 
  '1.650.555.0158', 
  STR_TO_DATE('03-03-2015', '%d-%m-%Y'), 
  'SH_CLERK', 
  3900, 
  null, 
  123, 
  50
);
insert into employees
values (
  194, 
  'Samuel', 
  'McLeod', 
  'SMCLEOD', 
  '1.650.555.0159', 
  STR_TO_DATE('01-07-2016', '%d-%m-%Y'), 
  'SH_CLERK', 
  3200, 
  null, 
  123, 
  50
);
insert into employees
values (
  195, 
  'Vance', 
  'Jones', 
  'VJONES', 
  '1.650.555.0160', 
  STR_TO_DATE('17-03-2017', '%d-%m-%Y'), 
  'SH_CLERK', 
  2800, 
  null, 
  123, 
  50
);
insert into employees
values (
  196, 
  'Alana', 
  'Walsh', 
  'AWALSH', 
  '1.650.555.0161', 
  STR_TO_DATE('24-04-2016', '%d-%m-%Y'), 
  'SH_CLERK', 
  3100, 
  null, 
  124, 
  50
);
insert into employees
values (
  197, 
  'Kevin', 
  'Feeney', 
  'KFEENEY', 
  '1.650.555.0162', 
  STR_TO_DATE('23-05-2016', '%d-%m-%Y'), 
  'SH_CLERK', 
  3000, 
  null, 
  124, 
  50
);
insert into employees
values (
  198, 
  'Donald', 
  'OConnell', 
  'DOCONNEL', 
  '1.650.555.0163', 
  STR_TO_DATE('21-06-2017', '%d-%m-%Y'), 
  'SH_CLERK', 
  2600, 
  null, 
  124, 
  50
);
insert into employees
values (
  199, 
  'Douglas', 
  'Grant', 
  'DGRANT', 
  '1.650.555.0164', 
  STR_TO_DATE('13-01-2018', '%d-%m-%Y'), 
  'SH_CLERK', 
  2600, 
  null, 
  124, 
  50
);
insert into employees
values (
  200, 
  'Jennifer', 
  'Whalen', 
  'JWHALEN', 
  '1.515.555.0165', 
  STR_TO_DATE('17-09-2013', '%d-%m-%Y'), 
  'AD_ASST', 
  4400, 
  null, 
  101, 
  10
);
insert into employees
values (
  201, 
  'Michael', 
  'Martinez', 
  'MMARTINE', 
  '1.515.555.0166', 
  STR_TO_DATE('17-02-2014', '%d-%m-%Y'), 
  'MK_MAN', 
  13000, 
  null, 
  100, 
  20
);
insert into employees
values (
  202, 
  'Pat', 
  'Davis', 
  'PDAVIS', 
  '1.603.555.0167', 
  STR_TO_DATE('17-08-2015', '%d-%m-%Y'), 
  'MK_REP', 
  6000, 
  null, 
  201, 
  20
);
insert into employees
values (
  203, 
  'Susan', 
  'Jacobs', 
  'SJACOBS', 
  '1.515.555.0168', 
  STR_TO_DATE('07-06-2012', '%d-%m-%Y'), 
  'HR_REP', 
  6500, 
  null, 
  101, 
  40
);
insert into employees
values (
  204, 
  'Hermann', 
  'Brown', 
  'HBROWN', 
  '1.515.555.0169', 
  STR_TO_DATE('07-06-2012', '%d-%m-%Y'), 
  'PR_REP', 
  10000, 
  null, 
  101, 
  70
);
insert into employees
values (
  205, 
  'Shelley', 
  'Higgins', 
  'SHIGGINS', 
  '1.515.555.0170', 
  STR_TO_DATE('07-06-2012', '%d-%m-%Y'), 
  'AC_MGR', 
  12008, 
  null, 
  101, 
  110
);
insert into employees
values (
  206, 
  'William', 
  'Gietz', 
  'WGIETZ', 
  '1.515.555.0171', 
  STR_TO_DATE('07-06-2012', '%d-%m-%Y'), 
  'AC_ACCOUNT', 
  8300, 
  null, 
  205, 
  110
);

################ Fire this query after inserting records
alter table departments
  add foreign key (manager_id)
  references employees (employee_id);