######### Insert values in regions Table


insert into regions
values (
  10,
  'Europe'
);
insert into regions
values (
           20,
           'Americas'
       );
insert into regions
values (
           30,
           'Asia'
       );
insert into regions
values (
           40,
           'Oceania'
       );
insert into regions
values (
           50,
           'Africa'
       );

############### Insert values in countries Table

insert into countries
values (
  'IT',
  'Italy',
  10
);
insert into countries
values (
           'JP',
           'Japan',
           30
       );
insert into countries
values (
           'US',
           'United States of America',
           10
       );
insert into countries
values (
           'CA',
           'Canada',
           10
       );
insert into countries
values (
           'CN',
           'China',
           30
       );
insert into countries
values (
           'IN',
           'India',
           30
       );
insert into countries
values (
           'AU',
           'Australia',
           40
       );
insert into countries
values (
           'ZW',
           'Zimbabwe',
           50
       );
insert into countries
values (
           'SG',
           'Singapore',
           30
       );
insert into countries
values (
           'GB',
           'United Kingdom of Great Britain and Northern Ireland',
           10
       );
insert into countries
values (
           'FR',
           'France',
           10
       );
insert into countries
values (
           'DE',
           'Germany',
           10
       );
insert into countries
values (
           'ZM',
           'Zambia',
           50
       );
insert into countries
values (
           'EG',
           'Egypt',
           50
       );
insert into countries
values (
           'BR',
           'Brazil',
           20
       );
insert into countries
values (
           'CH',
           'Switzerland',
           10
       );
insert into countries
values (
           'NL',
           'Netherlands',
           10
       );
insert into countries
values (
           'MX',
           'Mexico',
           20
       );
insert into countries
values (
           'KW',
           'Kuwait',
           30
       );
insert into countries
values (
           'IL',
           'Israel',
           30
       );
insert into countries
values (
           'DK',
           'Denmark',
           10
       );
insert into countries
values (
           'ML',
           'Malaysia',
           50
       );
insert into countries
values (
           'NG',
           'Nigeria',
           50
       );
insert into countries
values (
           'AR',
           'Argentina',
           20
       );
insert into countries
values (
           'BE',
           'Belgium',
           10
       );


############### Insert values in locations Table

insert into locations
values (
  1000,
  '1297 Via Cola di Rie',
  '00989',
  'Roma',
  null,
  'IT'
);
insert into locations
values (
           1100,
           '93091 Calle della Testa',
           '10934',
           'Venice',
           null,
           'IT'
       );
insert into locations
values (
           1200,
           '2017 Shinjuku-ku',
           '1689',
           'Tokyo',
           'Tokyo Prefecture',
           'JP'
       );
insert into locations
values (
           1300,
           '9450 Kamiya-cho',
           '6823',
           'Hiroshima',
           null,
           'JP'
       );
insert into locations
values (
           1400,
           '2014 Jabberwocky Rd',
           '26192',
           'Southlake',
           'Texas',
           'US'
       );
insert into locations
values (
           1500,
           '2011 Interiors Blvd',
           '99236',
           'South San Francisco',
           'California',
           'US'
       );
insert into locations
values (
           1600,
           '2007 Zagora St',
           '50090',
           'South Brunswick',
           'New Jersey',
           'US'
       );
insert into locations
values (
           1700,
           '2004 Charade Rd',
           '98199',
           'Seattle',
           'Washington',
           'US'
       );
insert into locations
values (
           1800,
           '147 Spadina Ave',
           'M5V 2L7',
           'Toronto',
           'Ontario',
           'CA'
       );
insert into locations
values (
           1900,
           '6092 Boxwood St',
           'YSW 9T2',
           'Whitehorse',
           'Yukon',
           'CA'
       );
insert into locations
values (
           2000,
           '40-5-12 Laogianggen',
           '190518',
           'Beijing',
           null,
           'CN'
       );
insert into locations
values (
           2100,
           '1298 Vileparle (E)',
           '490231',
           'Bombay',
           'Maharashtra',
           'IN'
       );
insert into locations
values (
           2200,
           '12-98 Victoria Street',
           '2901',
           'Sydney',
           'New South Wales',
           'AU'
       );
insert into locations
values (
           2300,
           '198 Clementi North',
           '540198',
           'Singapore',
           null,
           'SG'
       );
insert into locations
values (
           2400,
           '8204 Arthur St',
           null,
           'London',
           null,
           'GB'
       );
insert into locations
values (
           2500,
           'Magdalen Centre, The Oxford Science Park',
           'OX9 9ZB',
           'Oxford',
           'Oxford',
           'GB'
       );
insert into locations
values (
           2600,
           '9702 Chester Road',
           '09629850293',
           'Stretford',
           'Manchester',
           'GB'
       );
insert into locations
values (
           2700,
           'Schwanthalerstr. 7031',
           '80925',
           'Munich',
           'Bavaria',
           'DE'
       );
insert into locations
values (
           2800,
           'Rua Frei Caneca 1360 ',
           '01307-002',
           'Sao Paulo',
           'Sao Paulo',
           'BR'
       );
insert into locations
values (
           2900,
           '20 Rue des Corps-Saints',
           '1730',
           'Geneva',
           'Geneve',
           'CH'
       );
insert into locations
values (
           3000,
           'Murtenstrasse 921',
           '3095',
           'Bern',
           'BE',
           'CH'
       );
insert into locations
values (
           3100,
           'Pieter Breughelstraat 837',
           '3029SK',
           'Utrecht',
           'Utrecht',
           'NL'
       );
insert into locations
values (
           3200,
           'Mariano Escobedo 9991',
           '11932',
           'Mexico City',
           'Distrito Federal',
           'MX'
       );

######### Insert values in departments Table

insert into departments
values (
  10,
  'Administration',
  200,
  1700
);
insert into departments
values (
           20,
           'Marketing',
           201,
           1800
       );
insert into departments
values (
           30,
           'Purchasing',
           114,
           1700
       );
insert into departments
values (
           40,
           'Human Resources',
           203,
           2400
       );
insert into departments
values (
           50,
           'Shipping',
           121,
           1500
       );
insert into departments
values (
           60,
           'IT',
           103,
           1400
       );
insert into departments
values (
           70,
           'Public Relations',
           204,
           2700
       );
insert into departments
values (
           80,
           'Sales',
           145,
           2500
       );
insert into departments
values (
           90,
           'Executive',
           100,
           1700
       );
insert into departments
values (
           100,
           'Finance',
           108,
           1700
       );
insert into departments
values (
           110,
           'Accounting',
           205,
           1700
       );
insert into departments
values (
           120,
           'Treasury',
           null,
           1700
       );
insert into departments
values (
           130,
           'Corporate Tax',
           null,
           1700
       );
insert into departments
values (
           140,
           'Control And Credit',
           null,
           1700
       );
insert into departments
values (
           150,
           'Shareholder Services',
           null,
           1700
       );
insert into departments
values (
           160,
           'Benefits',
           null,
           1700
       );
insert into departments
values (
           170,
           'Manufacturing',
           null,
           1700
       );
insert into departments
values (
           180,
           'Construction',
           null,
           1700
       );
insert into departments
values (
           190,
           'Contracting',
           null,
           1700
       );
insert into departments
values (
           200,
           'Operations',
           null,
           1700
       );
insert into departments
values (
           210,
           'IT Support',
           null,
           1700
       );
insert into departments
values (
           220,
           'NOC',
           null,
           1700
       );
insert into departments
values (
           230,
           'IT Helpdesk',
           null,
           1700
       );
insert into departments
values (
           240,
           'Government Sales',
           null,
           1700
       );
insert into departments
values (
           250,
           'Retail Sales',
           null,
           1700
       );
insert into departments
values (
           260,
           'Recruiting',
           null,
           1700
       );
insert into departments
values (
           270,
           'Payroll',
           null,
           1700
       );

############### Insert values in jobs Table

insert into jobs
values (
  'AD_PRES',
  'President',
  20080,
  40000
);
insert into jobs
values (
           'AD_VP',
           'Administration Vice President',
           15000,
           30000
       );
insert into jobs
values (
           'AD_ASST',
           'Administration Assistant',
           3000,
           6000
       );
insert into jobs
values (
           'FI_MGR',
           'Finance Manager',
           8200,
           16000
       );
insert into jobs
values (
           'FI_ACCOUNT',
           'Accountant',
           4200,
           9000
       );
insert into jobs
values (
           'AC_MGR',
           'Accounting Manager',
           8200,
           16000
       );
insert into jobs
values (
           'AC_ACCOUNT',
           'Public Accountant',
           4200,
           9000
       );
insert into jobs
values (
           'SA_MAN',
           'Sales Manager',
           10000,
           20080
       );
insert into jobs
values (
           'SA_REP',
           'Sales Representative',
           6000,
           12008
       );
insert into jobs
values (
           'PU_MAN',
           'Purchasing Manager',
           8000,
           15000
       );
insert into jobs
values (
           'PU_CLERK',
           'Purchasing Clerk',
           2500,
           5500
       );
insert into jobs
values (
           'ST_MAN',
           'Stock Manager',
           5500,
           8500
       );
insert into jobs
values (
           'ST_CLERK',
           'Stock Clerk',
           2008,
           5000
       );
insert into jobs
values (
           'SH_CLERK',
           'Shipping Clerk',
           2500,
           5500
       );
insert into jobs
values (
           'IT_PROG',
           'Programmer',
           4000,
           10000
       );
insert into jobs
values (
           'MK_MAN',
           'Marketing Manager',
           9000,
           15000
       );
insert into jobs
values (
           'MK_REP',
           'Marketing Representative',
           4000,
           9000
       );
insert into jobs
values (
           'HR_REP',
           'Human Resources Representative',
           4000,
           9000
       );
insert into jobs
values (
           'PR_REP',
           'Public Relations Representative',
           4500,
           10500
       );

######## Insert records into employees table

######## Insert records into employees table

insert into employees values (100,'Steven','King','sking@company.com','1515555010',STR_TO_DATE('17-06-2013','%d-%m-%Y'),'AD_PRES',24000,null,null,90);
insert into employees values (101,'Neena','Yang','nyang@company.com','1515555011',STR_TO_DATE('21-09-2015','%d-%m-%Y'),'AD_VP',17000,null,100,90);
insert into employees values (102,'Lex','Garcia','lgarcia@company.com','1515555012',STR_TO_DATE('13-01-2011','%d-%m-%Y'),'AD_VP',17000,null,100,90);
insert into employees values (103,'Alexander','James','ajames@company.com','1590555013',STR_TO_DATE('03-01-2016','%d-%m-%Y'),'IT_PROG',9000,null,102,60);
insert into employees values (104,'Bruce','Miller','bmiller@company.com','1590555014',STR_TO_DATE('21-05-2017','%d-%m-%Y'),'IT_PROG',6000,null,103,60);
insert into employees values (105,'David','Williams','dwilliams@company.com','1590555015',STR_TO_DATE('25-06-2015','%d-%m-%Y'),'IT_PROG',4800,null,103,60);
insert into employees values (106,'Valli','Jackson','vjackson@company.com','1590555016',STR_TO_DATE('05-02-2016','%d-%m-%Y'),'IT_PROG',4800,null,103,60);
insert into employees values (107,'Diana','Nguyen','dnguyen@company.com','1590555017',STR_TO_DATE('07-02-2017','%d-%m-%Y'),'IT_PROG',4200,null,103,60);
insert into employees values (108,'Nancy','Gruenberg','ngruenberg@company.com','1515555018',STR_TO_DATE('17-08-2012','%d-%m-%Y'),'FI_MGR',12008,null,101,100);
insert into employees values (109,'Daniel','Faviet','dfaviet@company.com','1515555019',STR_TO_DATE('16-08-2012','%d-%m-%Y'),'FI_ACCOUNT',9000,null,108,100);
insert into employees values (110,'John','Chen','jchen@company.com','1515555020',STR_TO_DATE('28-09-2015','%d-%m-%Y'),'FI_ACCOUNT',8200,null,108,100);
insert into employees values (111,'Ismael','Sciarra','isciarra@company.com','1515555021',STR_TO_DATE('30-09-2015','%d-%m-%Y'),'FI_ACCOUNT',7700,null,108,100);
insert into employees values (112,'Jose Manuel','Urman','jmurman@company.com','1515555022',STR_TO_DATE('07-03-2016','%d-%m-%Y'),'FI_ACCOUNT',7800,null,108,100);
insert into employees values (113,'Luis','Popp','lpopp@company.com','1515555023',STR_TO_DATE('07-12-2017','%d-%m-%Y'),'FI_ACCOUNT',6900,null,108,100);
insert into employees values (114,'Den','Li','dli@company.com','1515555024',STR_TO_DATE('07-12-2012','%d-%m-%Y'),'PU_MAN',11000,null,100,30);
insert into employees values (115,'Alexander','Khoo','akhoo@company.com','1515555025',STR_TO_DATE('18-05-2013','%d-%m-%Y'),'PU_CLERK',3100,null,114,30);
insert into employees values (116,'Shelli','Baida','sbaida@company.com','1515555026',STR_TO_DATE('24-12-2015','%d-%m-%Y'),'PU_CLERK',2900,null,114,30);
insert into employees values (117,'Sigal','Tobias','stobias@company.com','1515555027',STR_TO_DATE('24-07-2015','%d-%m-%Y'),'PU_CLERK',2800,null,114,30);
insert into employees values (118,'Guy','Himuro','ghimuro@company.com','1515555028',STR_TO_DATE('15-11-2016','%d-%m-%Y'),'PU_CLERK',2600,null,114,30);
insert into employees values (119,'Karen','Colmenares','kcolmenares@company.com','1515555029',STR_TO_DATE('10-08-2017','%d-%m-%Y'),'PU_CLERK',2500,null,114,30);
insert into employees values (120,'Matthew','Weiss','mweiss@company.com','1650555030',STR_TO_DATE('18-07-2014','%d-%m-%Y'),'ST_MAN',8000,null,100,50);
insert into employees values (121,'Adam','Fripp','afripp@company.com','1650555031',STR_TO_DATE('10-04-2015','%d-%m-%Y'),'ST_MAN',8200,null,100,50);
insert into employees values (122,'Payam','Kaufling','pkaufling@company.com','1650555032',STR_TO_DATE('01-05-2013','%d-%m-%Y'),'ST_MAN',7900,null,100,50);
insert into employees values (123,'Shanta','Vollman','svollman@company.com','1650555033',STR_TO_DATE('10-10-2015','%d-%m-%Y'),'ST_MAN',6500,null,100,50);
insert into employees values (124,'Kevin','Mourgos','kmourgos@company.com','1650555034',STR_TO_DATE('16-11-2017','%d-%m-%Y'),'ST_MAN',5800,null,100,50);
insert into employees values (125,'Julia','Nayer','jnayer@company.com','1650555035',STR_TO_DATE('16-07-2015','%d-%m-%Y'),'ST_CLERK',3200,null,120,50);
insert into employees values (126,'Irene','Mikkilineni','imikkilineni@company.com','1650555036',STR_TO_DATE('28-09-2016','%d-%m-%Y'),'ST_CLERK',2700,null,120,50);
insert into employees values (127,'James','Landry','jlandry@company.com','1650555037',STR_TO_DATE('14-01-2017','%d-%m-%Y'),'ST_CLERK',2400,null,120,50);
insert into employees values (128,'Steven','Markle','smarkle@company.com','1650555038',STR_TO_DATE('08-03-2018','%d-%m-%Y'),'ST_CLERK',2200,null,120,50);
insert into employees values (129,'Laura','Bissot','lbissot@company.com','1650555039',STR_TO_DATE('20-08-2015','%d-%m-%Y'),'ST_CLERK',3300,null,121,50);
insert into employees values (130,'Mozhe','Atkinson','matkinson@company.com','1650555040',STR_TO_DATE('30-10-2015','%d-%m-%Y'),'ST_CLERK',2800,null,121,50);
insert into employees values (131,'James','Marlow','jmarlow@company.com','1650555041',STR_TO_DATE('16-02-2015','%d-%m-%Y'),'ST_CLERK',2500,null,121,50);
insert into employees values (132,'TJ','Olson','tjolson@company.com','1650555042',STR_TO_DATE('10-04-2017','%d-%m-%Y'),'ST_CLERK',2100,null,121,50);
insert into employees values (133,'Jason','Mallin','jmallin@company.com','1650555043',STR_TO_DATE('14-06-2014','%d-%m-%Y'),'ST_CLERK',3300,null,122,50);
insert into employees values (134,'Michael','Rogers','mrogers@company.com','1650555044',STR_TO_DATE('26-08-2016','%d-%m-%Y'),'ST_CLERK',2900,null,122,50);
insert into employees values (135,'Ki','Gee','kgee@company.com','1650555045',STR_TO_DATE('12-12-2017','%d-%m-%Y'),'ST_CLERK',2400,null,122,50);
insert into employees values (136,'Hazel','Philtanker','hphiltanker@company.com','1650555046',STR_TO_DATE('06-02-2018','%d-%m-%Y'),'ST_CLERK',2200,null,122,50);
insert into employees values (137,'Renske','Ladwig','rladwig@company.com','1650555047',STR_TO_DATE('14-07-2013','%d-%m-%Y'),'ST_CLERK',3600,null,123,50);
insert into employees values (138,'Stephen','Stiles','sstiles@company.com','1650555048',STR_TO_DATE('26-10-2015','%d-%m-%Y'),'ST_CLERK',3200,null,123,50);
insert into employees values (139,'John','Seo','jseo@company.com','1650555049',STR_TO_DATE('12-02-2016','%d-%m-%Y'),'ST_CLERK',2700,null,123,50);
insert into employees values (140,'Joshua','Patel','jpatel@company.com','1650555050',STR_TO_DATE('06-04-2016','%d-%m-%Y'),'ST_CLERK',2500,null,123,50);
insert into employees values (141,'Trenna','Rajs','trajs@company.com','1650555051',STR_TO_DATE('17-10-2013','%d-%m-%Y'),'ST_CLERK',3500,null,124,50);
insert into employees values (142,'Curtis','Davies','cdavies@company.com','1650555052',STR_TO_DATE('29-01-2015','%d-%m-%Y'),'ST_CLERK',3100,null,124,50);
insert into employees values (143,'Randall','Matos','rmatos@company.com','1650555053',STR_TO_DATE('15-03-2016','%d-%m-%Y'),'ST_CLERK',2600,null,124,50);
insert into employees values (144,'Peter','Vargas','pvargas@company.com','1650555054',STR_TO_DATE('09-07-2016','%d-%m-%Y'),'ST_CLERK',2500,null,124,50);
insert into employees values (145,'John','Singh','jsingh@company.com','4416329600',STR_TO_DATE('01-10-2014','%d-%m-%Y'),'SA_MAN',14000,0.4,100,80);
insert into employees values (146,'Karen','Partners','kpartners@company.com','4416329601',STR_TO_DATE('05-01-2015','%d-%m-%Y'),'SA_MAN',13500,0.3,100,80);
insert into employees values (147,'Alberto','Errazuriz','aerrazuriz@company.com','4416329602',STR_TO_DATE('10-03-2015','%d-%m-%Y'),'SA_MAN',12000,0.3,100,80);
insert into employees values (148,'Gerald','Cambrault','gcambrault@company.com','4416329603',STR_TO_DATE('15-10-2017','%d-%m-%Y'),'SA_MAN',11000,0.3,100,80);
insert into employees values (149,'Eleni','Zlotkey','ezlotkey@company.com','4416329604',STR_TO_DATE('29-01-2018','%d-%m-%Y'),'SA_MAN',10500,0.2,100,80);
insert into employees values (150,'Sean','Tucker','stucker@company.com','4416329605',STR_TO_DATE('30-01-2015','%d-%m-%Y'),'SA_REP',10000,0.3,145,80);
insert into employees values (151,'David','Bernstein','dbernstein@company.com','4416329606',STR_TO_DATE('24-03-2015','%d-%m-%Y'),'SA_REP',9500,0.25,145,80);
insert into employees values (152,'Peter','Hall','phall@company.com','4416329607',STR_TO_DATE('20-08-2015','%d-%m-%Y'),'SA_REP',9000,0.25,145,80);
insert into employees values (153,'Christopher','Olsen','colsen@company.com','4416329608',STR_TO_DATE('30-03-2016','%d-%m-%Y'),'SA_REP',8000,0.2,145,80);
insert into employees values (154,'Nanette','Cambrault','ncambrault@company.com','4416329609',STR_TO_DATE('09-12-2016','%d-%m-%Y'),'SA_REP',7500,0.2,145,80);
insert into employees values (155,'Oliver','Tuvault','otuvault@company.com','4416329610',STR_TO_DATE('23-11-2017','%d-%m-%Y'),'SA_REP',7000,0.15,145,80);
insert into employees values (156,'Janette','King','jking@company.com','4416329611',STR_TO_DATE('30-01-2014','%d-%m-%Y'),'SA_REP',10000,0.35,146,80);
insert into employees values (157,'Patrick','Sully','psully@company.com','4416329612',STR_TO_DATE('04-03-2014','%d-%m-%Y'),'SA_REP',9500,0.35,146,80);
insert into employees values (158,'Allan','McEwen','amcewen@company.com','4416329613',STR_TO_DATE('01-08-2014','%d-%m-%Y'),'SA_REP',9000,0.35,146,80);
insert into employees values (159,'Lindsey','Smith','lsmith@company.com','4416329614',STR_TO_DATE('10-03-2015','%d-%m-%Y'),'SA_REP',8000,0.3,146,80);
insert into employees values (160,'Louise','Doran','ldoran@company.com','4416329615',STR_TO_DATE('15-12-2015','%d-%m-%Y'),'SA_REP',7500,0.3,146,80);
insert into employees values (161,'Sarath','Sewall','ssewall@company.com','4416329616',STR_TO_DATE('03-11-2016','%d-%m-%Y'),'SA_REP',7000,0.25,146,80);
insert into employees values (162,'Clara','Vishney','cvishney@company.com','4416329617',STR_TO_DATE('11-11-2015','%d-%m-%Y'),'SA_REP',10500,0.25,147,80);
insert into employees values (163,'Danielle','Greene','dgreene@company.com','4416329618',STR_TO_DATE('19-03-2017','%d-%m-%Y'),'SA_REP',9500,0.15,147,80);
insert into employees values (164,'Mattea','Marvins','mmarvins@company.com','4416329619',STR_TO_DATE('24-01-2018','%d-%m-%Y'),'SA_REP',7200,0.10,147,80);
insert into employees values (165,'David','Lee','dlee@company.com','4416329620',STR_TO_DATE('23-02-2018','%d-%m-%Y'),'SA_REP',6800,0.1,147,80);
insert into employees values (166,'Sundar','Ande','sande@company.com','4416329621',STR_TO_DATE('24-03-2018','%d-%m-%Y'),'SA_REP',6400,0.10,147,80);
insert into employees values (167,'Amit','Banda','abanda@company.com','4416329622',STR_TO_DATE('21-04-2018','%d-%m-%Y'),'SA_REP',6200,0.10,147,80);
insert into employees values (168,'Lisa','Ozer','lozer@company.com','4416329623',STR_TO_DATE('11-03-2015','%d-%m-%Y'),'SA_REP',11500,0.25,148,80);
insert into employees values (169,'Harrison','Bloom','hbloom@company.com','4416329624',STR_TO_DATE('23-03-2016','%d-%m-%Y'),'SA_REP',10000,0.20,148,80);
insert into employees values (170,'Tayler','Fox','tfox@company.com','4416329625',STR_TO_DATE('24-01-2016','%d-%m-%Y'),'SA_REP',9600,0.20,148,80);
insert into employees values (171,'William','Smith','wsmith@company.com','4416329626',STR_TO_DATE('23-02-2017','%d-%m-%Y'),'SA_REP',7400,0.15,148,80);
insert into employees values (172,'Elizabeth','Bates','ebates@company.com','4416329627',STR_TO_DATE('24-03-2017','%d-%m-%Y'),'SA_REP',7300,0.15,148,80);
insert into employees values (173,'Sundita','Kumar','skumar@company.com','4416329628',STR_TO_DATE('21-04-2018','%d-%m-%Y'),'SA_REP',6100,0.10,148,80);
insert into employees values (174,'Ellen','Abel','eabel@company.com','4416329629',STR_TO_DATE('11-05-2014','%d-%m-%Y'),'SA_REP',11000,0.30,149,80);
insert into employees values (175,'Alyssa','Hutton','ahutton@company.com','4416329630',STR_TO_DATE('19-03-2015','%d-%m-%Y'),'SA_REP',8800,0.25,149,80);
insert into employees values (176,'Jonathon','Taylor','jtaylor@company.com','4416329631',STR_TO_DATE('24-03-2016','%d-%m-%Y'),'SA_REP',8600,0.20,149,80);
insert into employees values (177,'Jack','Livingston','jlivingston@company.com','4416329632',STR_TO_DATE('23-04-2016','%d-%m-%Y'),'SA_REP',8400,0.20,149,80);
insert into employees values (178,'Kimberely','Grant','kgrant@company.com','4416329633',STR_TO_DATE('24-05-2017','%d-%m-%Y'),'SA_REP',7000,0.15,149,null);
insert into employees values (179,'Charles','Johnson','cjohnson@company.com','4416329634',STR_TO_DATE('04-01-2018','%d-%m-%Y'),'SA_REP',6200,0.10,149,80);
insert into employees values (180,'Winston','Taylor','wtaylor@company.com','1650555055',STR_TO_DATE('24-01-2016','%d-%m-%Y'),'SH_CLERK',3200,null,120,50);
insert into employees values (181,'Jean','Fleaur','jfleaur@company.com','1650555056',STR_TO_DATE('23-02-2016','%d-%m-%Y'),'SH_CLERK',3100,null,120,50);
insert into employees values (182,'Martha','Sullivan','msullivan@company.com','1650555057',STR_TO_DATE('21-06-2017','%d-%m-%Y'),'SH_CLERK',2500,null,120,50);
insert into employees values (183,'Girard','Geoni','ggeoni@company.com','1650555058',STR_TO_DATE('03-02-2018','%d-%m-%Y'),'SH_CLERK',2800,null,120,50);
insert into employees values (184,'Nandita','Sarchand','nsarchand@company.com','1650555059',STR_TO_DATE('27-01-2014','%d-%m-%Y'),'SH_CLERK',4200,null,121,50);
insert into employees values (185,'Alexis','Bull','abull@company.com','1650555060',STR_TO_DATE('20-02-2015','%d-%m-%Y'),'SH_CLERK',4100,null,121,50);
insert into employees values (186,'Julia','Dellinger','jdellinger@company.com','1650555061',STR_TO_DATE('24-06-2016','%d-%m-%Y'),'SH_CLERK',3400,null,121,50);
insert into employees values (187,'Anthony','Cabrio','acabrio@company.com','1650555062',STR_TO_DATE('07-02-2017','%d-%m-%Y'),'SH_CLERK',3000,null,121,50);
insert into employees values (188,'Kelly','Chung','kchung@company.com','1650555063',STR_TO_DATE('14-06-2015','%d-%m-%Y'),'SH_CLERK',3800,null,122,50);
insert into employees values (189,'Jennifer','Dilly','jdilly@company.com','1650555064',STR_TO_DATE('13-08-2015','%d-%m-%Y'),'SH_CLERK',3600,null,122,50);
insert into employees values (190,'Timothy','Venzl','tvenzl@company.com','1650555065',STR_TO_DATE('11-07-2016','%d-%m-%Y'),'SH_CLERK',2900,null,122,50);
insert into employees values (191,'Randall','Perkins','rperkins@company.com','1650555066',STR_TO_DATE('19-12-2017','%d-%m-%Y'),'SH_CLERK',2500,null,122,50);
insert into employees values (192,'Sarah','Bell','sbell@company.com','1650555067',STR_TO_DATE('04-02-2014','%d-%m-%Y'),'SH_CLERK',4000,null,123,50);
insert into employees values (193,'Britney','Everett','beverett@company.com','1650555068',STR_TO_DATE('03-03-2015','%d-%m-%Y'),'SH_CLERK',3900,null,123,50);
insert into employees values (194,'Samuel','McLeod','smcleod@company.com','1650555069',STR_TO_DATE('01-07-2016','%d-%m-%Y'),'SH_CLERK',3200,null,123,50);
insert into employees values (195,'Vance','Jones','vjones@company.com','1650555070',STR_TO_DATE('17-03-2017','%d-%m-%Y'),'SH_CLERK',2800,null,123,50);
insert into employees values (196,'Alana','Walsh','awalsh@company.com','1650555071',STR_TO_DATE('24-04-2016','%d-%m-%Y'),'SH_CLERK',3100,null,124,50);
insert into employees values (197,'Kevin','Feeney','kfeeney@company.com','1650555072',STR_TO_DATE('23-05-2016','%d-%m-%Y'),'SH_CLERK',3000,null,124,50);
insert into employees values (198,'Donald','OConnell','doconnell@company.com','1650555073',STR_TO_DATE('21-06-2017','%d-%m-%Y'),'SH_CLERK',2600,null,124,50);
insert into employees values (199,'Douglas','Grant','dgrant@company.com','1650555074',STR_TO_DATE('13-01-2018','%d-%m-%Y'),'SH_CLERK',2600,null,124,50);
insert into employees values (200,'Jennifer','Whalen','jwhalen@company.com','1515555075',STR_TO_DATE('17-09-2013','%d-%m-%Y'),'AD_ASST',4400,null,101,10);
insert into employees values (201,'Michael','Martinez','mmartinez@company.com','1515555076',STR_TO_DATE('17-02-2014','%d-%m-%Y'),'MK_MAN',13000,null,100,20);
insert into employees values (202,'Pat','Davis','pdavis@company.com','1603555077',STR_TO_DATE('17-08-2015','%d-%m-%Y'),'MK_REP',6000,null,201,20);
insert into employees values (203,'Susan','Jacobs','sjacobs@company.com','1515555078',STR_TO_DATE('07-06-2012','%d-%m-%Y'),'HR_REP',6500,null,101,40);
insert into employees values (204,'Hermann','Brown','hbrown@company.com','1515555079',STR_TO_DATE('07-06-2012','%d-%m-%Y'),'PR_REP',10000,null,101,70);
insert into employees values (205,'Shelley','Higgins','shiggins@company.com','1515555080',STR_TO_DATE('07-06-2012','%d-%m-%Y'),'AC_MGR',12008,null,101,110);
insert into employees values (206,'William','Gietz','wgietz@company.com','1515555081',STR_TO_DATE('07-06-2012','%d-%m-%Y'),'AC_ACCOUNT',8300,null,205,110);


################ Fire this query after inserting records
alter table departments
    add foreign key (manager_id)
        references employees (employee_id);

INSERT INTO job_history (employee_id, start_date, end_date, job_id, department_id) VALUES
                                                                                       (101, STR_TO_DATE('21-09-2011','%d-%m-%Y'), STR_TO_DATE('20-09-2013','%d-%m-%Y'), 'AC_ACCOUNT', 110),
                                                                                       (101, STR_TO_DATE('21-09-2013','%d-%m-%Y'), STR_TO_DATE('20-09-2015','%d-%m-%Y'), 'AC_MGR',     110);

INSERT INTO job_history (employee_id, start_date, end_date, job_id, department_id) VALUES
    (102, STR_TO_DATE('13-01-2007','%d-%m-%Y'), STR_TO_DATE('12-01-2011','%d-%m-%Y'), 'IT_PROG', 60);

INSERT INTO job_history (employee_id, start_date, end_date, job_id, department_id) VALUES
                                                                                       (114, STR_TO_DATE('07-12-2006','%d-%m-%Y'), STR_TO_DATE('06-12-2009','%d-%m-%Y'), 'PU_CLERK', 30),
                                                                                       (114, STR_TO_DATE('07-12-2009','%d-%m-%Y'), STR_TO_DATE('06-12-2012','%d-%m-%Y'), 'ST_MAN',   50);

INSERT INTO job_history (employee_id, start_date, end_date, job_id, department_id) VALUES
                                                                                       (122, STR_TO_DATE('01-05-2007','%d-%m-%Y'), STR_TO_DATE('30-04-2010','%d-%m-%Y'), 'ST_CLERK',  50),
                                                                                       (122, STR_TO_DATE('01-05-2010','%d-%m-%Y'), STR_TO_DATE('30-04-2013','%d-%m-%Y'), 'SH_CLERK',  50);

INSERT INTO job_history (employee_id, start_date, end_date, job_id, department_id) VALUES
                                                                                       (176, STR_TO_DATE('24-03-2012','%d-%m-%Y'), STR_TO_DATE('23-03-2014','%d-%m-%Y'), 'MK_REP', 20),
                                                                                       (176, STR_TO_DATE('24-03-2014','%d-%m-%Y'), STR_TO_DATE('23-03-2016','%d-%m-%Y'), 'SA_REP', 80);

INSERT INTO job_history (employee_id, start_date, end_date, job_id, department_id) VALUES
    (200, STR_TO_DATE('17-09-2009','%d-%m-%Y'), STR_TO_DATE('16-09-2013','%d-%m-%Y'), 'MK_REP', 20);

INSERT INTO job_history (employee_id, start_date, end_date, job_id, department_id) VALUES
                                                                                       (201, STR_TO_DATE('17-02-2008','%d-%m-%Y'), STR_TO_DATE('16-02-2011','%d-%m-%Y'), 'MK_REP', 20),
                                                                                       (201, STR_TO_DATE('17-02-2011','%d-%m-%Y'), STR_TO_DATE('16-02-2014','%d-%m-%Y'), 'SA_REP', 80);

INSERT INTO job_history (employee_id, start_date, end_date, job_id, department_id) VALUES
    (203, STR_TO_DATE('07-06-2008','%d-%m-%Y'), STR_TO_DATE('06-06-2012','%d-%m-%Y'), 'AD_ASST', 10);

INSERT INTO job_history (employee_id, start_date, end_date, job_id, department_id) VALUES
                                                                                       (205, STR_TO_DATE('07-06-2005','%d-%m-%Y'), STR_TO_DATE('06-06-2009','%d-%m-%Y'), 'AC_ACCOUNT', 110),
                                                                                       (205, STR_TO_DATE('07-06-2009','%d-%m-%Y'), STR_TO_DATE('06-06-2012','%d-%m-%Y'), 'FI_ACCOUNT', 100);

INSERT INTO job_history (employee_id, start_date, end_date, job_id, department_id) VALUES
                                                                                       (103, STR_TO_DATE('03-01-2010','%d-%m-%Y'), STR_TO_DATE('02-01-2013','%d-%m-%Y'), 'ST_CLERK',  50),
                                                                                       (103, STR_TO_DATE('03-01-2013','%d-%m-%Y'), STR_TO_DATE('02-01-2016','%d-%m-%Y'), 'SH_CLERK',  50);

INSERT INTO job_history (employee_id, start_date, end_date, job_id, department_id) VALUES
                                                                                       (108, STR_TO_DATE('17-08-2006','%d-%m-%Y'), STR_TO_DATE('16-08-2009','%d-%m-%Y'), 'FI_ACCOUNT', 100),
                                                                                       (108, STR_TO_DATE('17-08-2009','%d-%m-%Y'), STR_TO_DATE('16-08-2012','%d-%m-%Y'), 'AC_MGR',     110);

INSERT INTO job_history (employee_id, start_date, end_date, job_id, department_id) VALUES
                                                                                       (145, STR_TO_DATE('01-10-2008','%d-%m-%Y'), STR_TO_DATE('30-09-2011','%d-%m-%Y'), 'SA_REP', 80),
                                                                                       (145, STR_TO_DATE('01-10-2011','%d-%m-%Y'), STR_TO_DATE('30-09-2014','%d-%m-%Y'), 'SA_REP', 80);

INSERT INTO job_history (employee_id, start_date, end_date, job_id, department_id) VALUES
                                                                                       (146, STR_TO_DATE('05-01-2009','%d-%m-%Y'), STR_TO_DATE('04-01-2012','%d-%m-%Y'), 'MK_REP', 20),
                                                                                       (146, STR_TO_DATE('05-01-2012','%d-%m-%Y'), STR_TO_DATE('04-01-2015','%d-%m-%Y'), 'SA_REP', 80);

INSERT INTO job_history (employee_id, start_date, end_date, job_id, department_id) VALUES
                                                                                       (150, STR_TO_DATE('30-01-2009','%d-%m-%Y'), STR_TO_DATE('29-01-2012','%d-%m-%Y'), 'PU_CLERK', 30),
                                                                                       (150, STR_TO_DATE('30-01-2012','%d-%m-%Y'), STR_TO_DATE('29-01-2015','%d-%m-%Y'), 'SH_CLERK', 50);

INSERT INTO job_history (employee_id, start_date, end_date, job_id, department_id) VALUES
    (174, STR_TO_DATE('11-05-2010','%d-%m-%Y'), STR_TO_DATE('10-05-2014','%d-%m-%Y'), 'MK_REP', 20);

INSERT INTO job_history (employee_id, start_date, end_date, job_id, department_id) VALUES
    (184, STR_TO_DATE('27-01-2010','%d-%m-%Y'), STR_TO_DATE('26-01-2014','%d-%m-%Y'), 'ST_CLERK', 50);

INSERT INTO job_history (employee_id, start_date, end_date, job_id, department_id) VALUES
                                                                                       (192, STR_TO_DATE('04-02-2008','%d-%m-%Y'), STR_TO_DATE('03-02-2011','%d-%m-%Y'), 'ST_CLERK', 50),
                                                                                       (192, STR_TO_DATE('04-02-2011','%d-%m-%Y'), STR_TO_DATE('03-02-2014','%d-%m-%Y'), 'PU_CLERK', 30);

INSERT INTO job_history (employee_id, start_date, end_date, job_id, department_id) VALUES
                                                                                       (206, STR_TO_DATE('07-06-2006','%d-%m-%Y'), STR_TO_DATE('06-06-2009','%d-%m-%Y'), 'AD_ASST', 10),
                                                                                       (206, STR_TO_DATE('07-06-2009','%d-%m-%Y'), STR_TO_DATE('06-06-2012','%d-%m-%Y'), 'FI_ACCOUNT', 100);

INSERT INTO job_history (employee_id, start_date, end_date, job_id, department_id) VALUES
                                                                                       (120, STR_TO_DATE('18-07-2008','%d-%m-%Y'), STR_TO_DATE('17-07-2011','%d-%m-%Y'), 'ST_CLERK', 50),
                                                                                       (120, STR_TO_DATE('18-07-2011','%d-%m-%Y'), STR_TO_DATE('17-07-2014','%d-%m-%Y'), 'SH_CLERK', 50);

INSERT INTO job_history (employee_id, start_date, end_date, job_id, department_id) VALUES
                                                                                       (121, STR_TO_DATE('10-04-2009','%d-%m-%Y'), STR_TO_DATE('09-04-2012','%d-%m-%Y'), 'SH_CLERK', 50),
                                                                                       (121, STR_TO_DATE('10-04-2012','%d-%m-%Y'), STR_TO_DATE('09-04-2015','%d-%m-%Y'), 'ST_CLERK', 50);

INSERT INTO job_history (employee_id, start_date, end_date, job_id, department_id) VALUES
                                                                                       (204, STR_TO_DATE('07-06-2006','%d-%m-%Y'), STR_TO_DATE('06-06-2009','%d-%m-%Y'), 'MK_REP', 20),
                                                                                       (204, STR_TO_DATE('07-06-2009','%d-%m-%Y'), STR_TO_DATE('06-06-2012','%d-%m-%Y'), 'HR_REP', 40);

INSERT INTO job_history (employee_id, start_date, end_date, job_id, department_id) VALUES
    (202, STR_TO_DATE('17-08-2011','%d-%m-%Y'), STR_TO_DATE('16-08-2015','%d-%m-%Y'), 'AD_ASST', 10);

INSERT INTO job_history (employee_id, start_date, end_date, job_id, department_id) VALUES
                                                                                       (156, STR_TO_DATE('30-01-2008','%d-%m-%Y'), STR_TO_DATE('29-01-2011','%d-%m-%Y'), 'SH_CLERK', 50),
                                                                                       (156, STR_TO_DATE('30-01-2011','%d-%m-%Y'), STR_TO_DATE('29-01-2014','%d-%m-%Y'), 'MK_REP', 20);

INSERT INTO job_history (employee_id, start_date, end_date, job_id, department_id) VALUES
                                                                                       (109, STR_TO_DATE('16-08-2006','%d-%m-%Y'), STR_TO_DATE('15-08-2009','%d-%m-%Y'), 'PU_CLERK', 30),
                                                                                       (109, STR_TO_DATE('16-08-2009','%d-%m-%Y'), STR_TO_DATE('15-08-2012','%d-%m-%Y'), 'ST_CLERK', 50);


INSERT INTO job_history (employee_id, start_date, end_date, job_id, department_id) VALUES
(100, STR_TO_DATE('17-06-2009','%d-%m-%Y'), STR_TO_DATE('16-06-2013','%d-%m-%Y'), 'AD_VP', 90);

INSERT INTO job_history (employee_id, start_date, end_date, job_id, department_id) VALUES
(104, STR_TO_DATE('21-05-2013','%d-%m-%Y'), STR_TO_DATE('20-05-2017','%d-%m-%Y'), 'ST_CLERK', 50);

INSERT INTO job_history (employee_id, start_date, end_date, job_id, department_id) VALUES
(105, STR_TO_DATE('25-06-2011','%d-%m-%Y'), STR_TO_DATE('24-06-2015','%d-%m-%Y'), 'SH_CLERK', 50);

INSERT INTO job_history (employee_id, start_date, end_date, job_id, department_id) VALUES
(106, STR_TO_DATE('05-02-2012','%d-%m-%Y'), STR_TO_DATE('04-02-2016','%d-%m-%Y'), 'ST_CLERK', 50);

INSERT INTO job_history (employee_id, start_date, end_date, job_id, department_id) VALUES
(107, STR_TO_DATE('07-02-2013','%d-%m-%Y'), STR_TO_DATE('06-02-2017','%d-%m-%Y'), 'SH_CLERK', 50);

INSERT INTO job_history (employee_id, start_date, end_date, job_id, department_id) VALUES
(110, STR_TO_DATE('28-09-2011','%d-%m-%Y'), STR_TO_DATE('27-09-2015','%d-%m-%Y'), 'PU_CLERK', 30);

INSERT INTO job_history (employee_id, start_date, end_date, job_id, department_id) VALUES
(111, STR_TO_DATE('30-09-2011','%d-%m-%Y'), STR_TO_DATE('29-09-2015','%d-%m-%Y'), 'PU_CLERK', 30);

INSERT INTO job_history (employee_id, start_date, end_date, job_id, department_id) VALUES
(112, STR_TO_DATE('07-03-2012','%d-%m-%Y'), STR_TO_DATE('06-03-2016','%d-%m-%Y'), 'PU_CLERK', 30);

INSERT INTO job_history (employee_id, start_date, end_date, job_id, department_id) VALUES
(113, STR_TO_DATE('07-12-2013','%d-%m-%Y'), STR_TO_DATE('06-12-2017','%d-%m-%Y'), 'ST_CLERK', 50);

INSERT INTO job_history (employee_id, start_date, end_date, job_id, department_id) VALUES
(115, STR_TO_DATE('18-05-2009','%d-%m-%Y'), STR_TO_DATE('17-05-2013','%d-%m-%Y'), 'ST_CLERK', 50);

INSERT INTO job_history (employee_id, start_date, end_date, job_id, department_id) VALUES
(116, STR_TO_DATE('24-12-2011','%d-%m-%Y'), STR_TO_DATE('23-12-2015','%d-%m-%Y'), 'SH_CLERK', 50);

INSERT INTO job_history (employee_id, start_date, end_date, job_id, department_id) VALUES
(117, STR_TO_DATE('24-07-2011','%d-%m-%Y'), STR_TO_DATE('23-07-2015','%d-%m-%Y'), 'ST_CLERK', 50);

INSERT INTO job_history (employee_id, start_date, end_date, job_id, department_id) VALUES
(118, STR_TO_DATE('15-11-2012','%d-%m-%Y'), STR_TO_DATE('14-11-2016','%d-%m-%Y'), 'ST_CLERK', 50);

INSERT INTO job_history (employee_id, start_date, end_date, job_id, department_id) VALUES
(119, STR_TO_DATE('10-08-2013','%d-%m-%Y'), STR_TO_DATE('09-08-2017','%d-%m-%Y'), 'SH_CLERK', 50);

INSERT INTO job_history (employee_id, start_date, end_date, job_id, department_id) VALUES
(123, STR_TO_DATE('10-10-2011','%d-%m-%Y'), STR_TO_DATE('09-10-2015','%d-%m-%Y'), 'ST_CLERK', 50);

INSERT INTO job_history (employee_id, start_date, end_date, job_id, department_id) VALUES
(124, STR_TO_DATE('16-11-2013','%d-%m-%Y'), STR_TO_DATE('15-11-2017','%d-%m-%Y'), 'SH_CLERK', 50);

INSERT INTO job_history (employee_id, start_date, end_date, job_id, department_id) VALUES
(125, STR_TO_DATE('16-07-2011','%d-%m-%Y'), STR_TO_DATE('15-07-2015','%d-%m-%Y'), 'SH_CLERK', 50);

INSERT INTO job_history (employee_id, start_date, end_date, job_id, department_id) VALUES
(126, STR_TO_DATE('28-09-2012','%d-%m-%Y'), STR_TO_DATE('27-09-2016','%d-%m-%Y'), 'PU_CLERK', 30);

INSERT INTO job_history (employee_id, start_date, end_date, job_id, department_id) VALUES
(127, STR_TO_DATE('14-01-2013','%d-%m-%Y'), STR_TO_DATE('13-01-2017','%d-%m-%Y'), 'SH_CLERK', 50);

INSERT INTO job_history (employee_id, start_date, end_date, job_id, department_id) VALUES
(128, STR_TO_DATE('08-03-2014','%d-%m-%Y'), STR_TO_DATE('07-03-2018','%d-%m-%Y'), 'SH_CLERK', 50);

INSERT INTO job_history (employee_id, start_date, end_date, job_id, department_id) VALUES
(129, STR_TO_DATE('20-08-2011','%d-%m-%Y'), STR_TO_DATE('19-08-2015','%d-%m-%Y'), 'PU_CLERK', 30);

INSERT INTO job_history (employee_id, start_date, end_date, job_id, department_id) VALUES
(130, STR_TO_DATE('30-10-2011','%d-%m-%Y'), STR_TO_DATE('29-10-2015','%d-%m-%Y'), 'SH_CLERK', 50);

INSERT INTO job_history (employee_id, start_date, end_date, job_id, department_id) VALUES
(131, STR_TO_DATE('16-02-2011','%d-%m-%Y'), STR_TO_DATE('15-02-2015','%d-%m-%Y'), 'PU_CLERK', 30);

INSERT INTO job_history (employee_id, start_date, end_date, job_id, department_id) VALUES
(132, STR_TO_DATE('10-04-2013','%d-%m-%Y'), STR_TO_DATE('09-04-2017','%d-%m-%Y'), 'SH_CLERK', 50);

INSERT INTO job_history (employee_id, start_date, end_date, job_id, department_id) VALUES
(133, STR_TO_DATE('14-06-2010','%d-%m-%Y'), STR_TO_DATE('13-06-2014','%d-%m-%Y'), 'PU_CLERK', 30);

INSERT INTO job_history (employee_id, start_date, end_date, job_id, department_id) VALUES
(134, STR_TO_DATE('26-08-2012','%d-%m-%Y'), STR_TO_DATE('25-08-2016','%d-%m-%Y'), 'SH_CLERK', 50);

INSERT INTO job_history (employee_id, start_date, end_date, job_id, department_id) VALUES
(135, STR_TO_DATE('12-12-2013','%d-%m-%Y'), STR_TO_DATE('11-12-2017','%d-%m-%Y'), 'PU_CLERK', 30);

INSERT INTO job_history (employee_id, start_date, end_date, job_id, department_id) VALUES
(136, STR_TO_DATE('06-02-2014','%d-%m-%Y'), STR_TO_DATE('05-02-2018','%d-%m-%Y'), 'SH_CLERK', 50);

INSERT INTO job_history (employee_id, start_date, end_date, job_id, department_id) VALUES
(137, STR_TO_DATE('14-07-2009','%d-%m-%Y'), STR_TO_DATE('13-07-2013','%d-%m-%Y'), 'SH_CLERK', 50);

INSERT INTO job_history (employee_id, start_date, end_date, job_id, department_id) VALUES
(138, STR_TO_DATE('26-10-2011','%d-%m-%Y'), STR_TO_DATE('25-10-2015','%d-%m-%Y'), 'PU_CLERK', 30);

INSERT INTO job_history (employee_id, start_date, end_date, job_id, department_id) VALUES
(139, STR_TO_DATE('12-02-2012','%d-%m-%Y'), STR_TO_DATE('11-02-2016','%d-%m-%Y'), 'SH_CLERK', 50);

INSERT INTO job_history (employee_id, start_date, end_date, job_id, department_id) VALUES
(140, STR_TO_DATE('06-04-2012','%d-%m-%Y'), STR_TO_DATE('05-04-2016','%d-%m-%Y'), 'PU_CLERK', 30);

INSERT INTO job_history (employee_id, start_date, end_date, job_id, department_id) VALUES
(141, STR_TO_DATE('17-10-2009','%d-%m-%Y'), STR_TO_DATE('16-10-2013','%d-%m-%Y'), 'SH_CLERK', 50);

INSERT INTO job_history (employee_id, start_date, end_date, job_id, department_id) VALUES
(142, STR_TO_DATE('29-01-2011','%d-%m-%Y'), STR_TO_DATE('28-01-2015','%d-%m-%Y'), 'PU_CLERK', 30);

INSERT INTO job_history (employee_id, start_date, end_date, job_id, department_id) VALUES
(143, STR_TO_DATE('15-03-2012','%d-%m-%Y'), STR_TO_DATE('14-03-2016','%d-%m-%Y'), 'SH_CLERK', 50);

INSERT INTO job_history (employee_id, start_date, end_date, job_id, department_id) VALUES
(144, STR_TO_DATE('09-07-2012','%d-%m-%Y'), STR_TO_DATE('08-07-2016','%d-%m-%Y'), 'PU_CLERK', 30);

INSERT INTO job_history (employee_id, start_date, end_date, job_id, department_id) VALUES
(147, STR_TO_DATE('10-03-2011','%d-%m-%Y'), STR_TO_DATE('09-03-2015','%d-%m-%Y'), 'SA_REP', 80);

INSERT INTO job_history (employee_id, start_date, end_date, job_id, department_id) VALUES
(148, STR_TO_DATE('15-10-2013','%d-%m-%Y'), STR_TO_DATE('14-10-2017','%d-%m-%Y'), 'SA_REP', 80);

INSERT INTO job_history (employee_id, start_date, end_date, job_id, department_id) VALUES
(149, STR_TO_DATE('29-01-2014','%d-%m-%Y'), STR_TO_DATE('28-01-2018','%d-%m-%Y'), 'SA_REP', 80);

INSERT INTO job_history (employee_id, start_date, end_date, job_id, department_id) VALUES
(151, STR_TO_DATE('24-03-2011','%d-%m-%Y'), STR_TO_DATE('23-03-2015','%d-%m-%Y'), 'SH_CLERK', 50);

INSERT INTO job_history (employee_id, start_date, end_date, job_id, department_id) VALUES
(152, STR_TO_DATE('20-08-2011','%d-%m-%Y'), STR_TO_DATE('19-08-2015','%d-%m-%Y'), 'MK_REP', 20);

INSERT INTO job_history (employee_id, start_date, end_date, job_id, department_id) VALUES
(153, STR_TO_DATE('30-03-2012','%d-%m-%Y'), STR_TO_DATE('29-03-2016','%d-%m-%Y'), 'MK_REP', 20);

INSERT INTO job_history (employee_id, start_date, end_date, job_id, department_id) VALUES
(154, STR_TO_DATE('09-12-2012','%d-%m-%Y'), STR_TO_DATE('08-12-2016','%d-%m-%Y'), 'SH_CLERK', 50);

INSERT INTO job_history (employee_id, start_date, end_date, job_id, department_id) VALUES
(155, STR_TO_DATE('23-11-2013','%d-%m-%Y'), STR_TO_DATE('22-11-2017','%d-%m-%Y'), 'MK_REP', 20);

INSERT INTO job_history (employee_id, start_date, end_date, job_id, department_id) VALUES
(157, STR_TO_DATE('04-03-2010','%d-%m-%Y'), STR_TO_DATE('03-03-2014','%d-%m-%Y'), 'MK_REP', 20);

INSERT INTO job_history (employee_id, start_date, end_date, job_id, department_id) VALUES
(158, STR_TO_DATE('01-08-2010','%d-%m-%Y'), STR_TO_DATE('31-07-2014','%d-%m-%Y'), 'SH_CLERK', 50);

INSERT INTO job_history (employee_id, start_date, end_date, job_id, department_id) VALUES
(159, STR_TO_DATE('10-03-2011','%d-%m-%Y'), STR_TO_DATE('09-03-2015','%d-%m-%Y'), 'MK_REP', 20);

INSERT INTO job_history (employee_id, start_date, end_date, job_id, department_id) VALUES
(160, STR_TO_DATE('15-12-2011','%d-%m-%Y'), STR_TO_DATE('14-12-2015','%d-%m-%Y'), 'SH_CLERK', 50);

INSERT INTO job_history (employee_id, start_date, end_date, job_id, department_id) VALUES
(161, STR_TO_DATE('03-11-2012','%d-%m-%Y'), STR_TO_DATE('02-11-2016','%d-%m-%Y'), 'MK_REP', 20);

INSERT INTO job_history (employee_id, start_date, end_date, job_id, department_id) VALUES
(162, STR_TO_DATE('11-11-2011','%d-%m-%Y'), STR_TO_DATE('10-11-2015','%d-%m-%Y'), 'MK_REP', 20);

INSERT INTO job_history (employee_id, start_date, end_date, job_id, department_id) VALUES
(163, STR_TO_DATE('19-03-2013','%d-%m-%Y'), STR_TO_DATE('18-03-2017','%d-%m-%Y'), 'SH_CLERK', 50);

INSERT INTO job_history (employee_id, start_date, end_date, job_id, department_id) VALUES
(164, STR_TO_DATE('24-01-2014','%d-%m-%Y'), STR_TO_DATE('23-01-2018','%d-%m-%Y'), 'MK_REP', 20);

INSERT INTO job_history (employee_id, start_date, end_date, job_id, department_id) VALUES
(165, STR_TO_DATE('23-02-2014','%d-%m-%Y'), STR_TO_DATE('22-02-2018','%d-%m-%Y'), 'SH_CLERK', 50);

INSERT INTO job_history (employee_id, start_date, end_date, job_id, department_id) VALUES
(166, STR_TO_DATE('24-03-2014','%d-%m-%Y'), STR_TO_DATE('23-03-2018','%d-%m-%Y'), 'MK_REP', 20);

INSERT INTO job_history (employee_id, start_date, end_date, job_id, department_id) VALUES
(167, STR_TO_DATE('21-04-2014','%d-%m-%Y'), STR_TO_DATE('20-04-2018','%d-%m-%Y'), 'SH_CLERK', 50);

INSERT INTO job_history (employee_id, start_date, end_date, job_id, department_id) VALUES
(168, STR_TO_DATE('11-03-2011','%d-%m-%Y'), STR_TO_DATE('10-03-2015','%d-%m-%Y'), 'MK_REP', 20);

INSERT INTO job_history (employee_id, start_date, end_date, job_id, department_id) VALUES
(169, STR_TO_DATE('23-03-2012','%d-%m-%Y'), STR_TO_DATE('22-03-2016','%d-%m-%Y'), 'SH_CLERK', 50);

INSERT INTO job_history (employee_id, start_date, end_date, job_id, department_id) VALUES
(170, STR_TO_DATE('24-01-2012','%d-%m-%Y'), STR_TO_DATE('23-01-2016','%d-%m-%Y'), 'MK_REP', 20);

INSERT INTO job_history (employee_id, start_date, end_date, job_id, department_id) VALUES
(171, STR_TO_DATE('23-02-2013','%d-%m-%Y'), STR_TO_DATE('22-02-2017','%d-%m-%Y'), 'SH_CLERK', 50);

INSERT INTO job_history (employee_id, start_date, end_date, job_id, department_id) VALUES
(172, STR_TO_DATE('24-03-2013','%d-%m-%Y'), STR_TO_DATE('23-03-2017','%d-%m-%Y'), 'MK_REP', 20);

INSERT INTO job_history (employee_id, start_date, end_date, job_id, department_id) VALUES
(173, STR_TO_DATE('21-04-2014','%d-%m-%Y'), STR_TO_DATE('20-04-2018','%d-%m-%Y'), 'SH_CLERK', 50);

INSERT INTO job_history (employee_id, start_date, end_date, job_id, department_id) VALUES
(175, STR_TO_DATE('19-03-2011','%d-%m-%Y'), STR_TO_DATE('18-03-2015','%d-%m-%Y'), 'MK_REP', 20);

INSERT INTO job_history (employee_id, start_date, end_date, job_id, department_id) VALUES
(177, STR_TO_DATE('23-04-2012','%d-%m-%Y'), STR_TO_DATE('22-04-2016','%d-%m-%Y'), 'SH_CLERK', 50);

INSERT INTO job_history (employee_id, start_date, end_date, job_id, department_id) VALUES
(178, STR_TO_DATE('24-05-2013','%d-%m-%Y'), STR_TO_DATE('23-05-2017','%d-%m-%Y'), 'MK_REP', 20);

INSERT INTO job_history (employee_id, start_date, end_date, job_id, department_id) VALUES
(179, STR_TO_DATE('04-01-2014','%d-%m-%Y'), STR_TO_DATE('03-01-2018','%d-%m-%Y'), 'SH_CLERK', 50);

INSERT INTO job_history (employee_id, start_date, end_date, job_id, department_id) VALUES
(180, STR_TO_DATE('24-01-2012','%d-%m-%Y'), STR_TO_DATE('23-01-2016','%d-%m-%Y'), 'ST_CLERK', 50);

INSERT INTO job_history (employee_id, start_date, end_date, job_id, department_id) VALUES
(181, STR_TO_DATE('23-02-2012','%d-%m-%Y'), STR_TO_DATE('22-02-2016','%d-%m-%Y'), 'PU_CLERK', 30);

INSERT INTO job_history (employee_id, start_date, end_date, job_id, department_id) VALUES
(182, STR_TO_DATE('21-06-2013','%d-%m-%Y'), STR_TO_DATE('20-06-2017','%d-%m-%Y'), 'ST_CLERK', 50);

INSERT INTO job_history (employee_id, start_date, end_date, job_id, department_id) VALUES
(183, STR_TO_DATE('03-02-2014','%d-%m-%Y'), STR_TO_DATE('02-02-2018','%d-%m-%Y'), 'PU_CLERK', 30);

INSERT INTO job_history (employee_id, start_date, end_date, job_id, department_id) VALUES
(185, STR_TO_DATE('20-02-2011','%d-%m-%Y'), STR_TO_DATE('19-02-2015','%d-%m-%Y'), 'ST_CLERK', 50);

INSERT INTO job_history (employee_id, start_date, end_date, job_id, department_id) VALUES
(186, STR_TO_DATE('24-06-2012','%d-%m-%Y'), STR_TO_DATE('23-06-2016','%d-%m-%Y'), 'PU_CLERK', 30);

INSERT INTO job_history (employee_id, start_date, end_date, job_id, department_id) VALUES
(187, STR_TO_DATE('07-02-2013','%d-%m-%Y'), STR_TO_DATE('06-02-2017','%d-%m-%Y'), 'ST_CLERK', 50);

INSERT INTO job_history (employee_id, start_date, end_date, job_id, department_id) VALUES
(188, STR_TO_DATE('14-06-2011','%d-%m-%Y'), STR_TO_DATE('13-06-2015','%d-%m-%Y'), 'PU_CLERK', 30);

INSERT INTO job_history (employee_id, start_date, end_date, job_id, department_id) VALUES
(189, STR_TO_DATE('13-08-2011','%d-%m-%Y'), STR_TO_DATE('12-08-2015','%d-%m-%Y'), 'ST_CLERK', 50);

INSERT INTO job_history (employee_id, start_date, end_date, job_id, department_id) VALUES
(190, STR_TO_DATE('11-07-2012','%d-%m-%Y'), STR_TO_DATE('10-07-2016','%d-%m-%Y'), 'PU_CLERK', 30);

INSERT INTO job_history (employee_id, start_date, end_date, job_id, department_id) VALUES
(191, STR_TO_DATE('19-12-2013','%d-%m-%Y'), STR_TO_DATE('18-12-2017','%d-%m-%Y'), 'ST_CLERK', 50);

INSERT INTO job_history (employee_id, start_date, end_date, job_id, department_id) VALUES
(193, STR_TO_DATE('03-03-2011','%d-%m-%Y'), STR_TO_DATE('02-03-2015','%d-%m-%Y'), 'PU_CLERK', 30);

INSERT INTO job_history (employee_id, start_date, end_date, job_id, department_id) VALUES
(194, STR_TO_DATE('01-07-2012','%d-%m-%Y'), STR_TO_DATE('30-06-2016','%d-%m-%Y'), 'ST_CLERK', 50);

INSERT INTO job_history (employee_id, start_date, end_date, job_id, department_id) VALUES
(195, STR_TO_DATE('17-03-2013','%d-%m-%Y'), STR_TO_DATE('16-03-2017','%d-%m-%Y'), 'PU_CLERK', 30);

INSERT INTO job_history (employee_id, start_date, end_date, job_id, department_id) VALUES
(196, STR_TO_DATE('24-04-2012','%d-%m-%Y'), STR_TO_DATE('23-04-2016','%d-%m-%Y'), 'ST_CLERK', 50);

INSERT INTO job_history (employee_id, start_date, end_date, job_id, department_id) VALUES
(197, STR_TO_DATE('23-05-2012','%d-%m-%Y'), STR_TO_DATE('22-05-2016','%d-%m-%Y'), 'PU_CLERK', 30);

INSERT INTO job_history (employee_id, start_date, end_date, job_id, department_id) VALUES
(198, STR_TO_DATE('21-06-2013','%d-%m-%Y'), STR_TO_DATE('20-06-2017','%d-%m-%Y'), 'ST_CLERK', 50);

INSERT INTO job_history (employee_id, start_date, end_date, job_id, department_id) VALUES
(199, STR_TO_DATE('13-01-2014','%d-%m-%Y'), STR_TO_DATE('12-01-2018','%d-%m-%Y'), 'PU_CLERK', 30);